Player,Team,Pos,Salary,GP,PAYDS,PATD,INT,RUYDS,RUTD,REC,REYDS,RETD,FPTS
Aaron Rodgers,GBP,QB,$0.00 ,18,238.44,1.94,0.5,20.22,0.06,0,0,0,19.84
Michael Vick,PIT,QB,$0.00 ,5,74.2,0.4,0.2,19.8,0,0,0,0,6.95
Philip Rivers,SDC,QB,$0.00 ,16,299.56,1.81,0.81,1.75,0,0,0,0,18.91
Tom Brady,NEP,QB,$0.00 ,18,299,2.17,0.5,4,0.22,0.06,2,0,22.17
Drew Brees,NOS,QB,$0.00 ,15,325.07,2.13,0.67,0.93,0.07,0,0,0,21.43
Jay Cutler,CHI,QB,$0.00 ,15,243.93,1.4,0.73,13.4,0.07,0,0,0,16.56
Josh Freeman,IND,QB,$0.00 ,1,149,1,1,24,0,0,0,0,11.36
Alex Smith,KCC,QB,$0.00 ,18,217.89,1.22,0.44,31.61,0.11,0,0,0,17.54
Mark Sanchez,PHI,QB,$0.00 ,3,205.33,1.33,1.33,7.33,0,0,0,0,13.61
Joe Flacco,BAL,QB,$0.00 ,10,279.1,1.4,1.2,2.3,0.3,0,0,0,17.89
Eli Manning,NYG,QB,$0.00 ,16,277.25,2.19,0.88,3.81,0,0,0,0,19.28
Matthew Stafford,DET,QB,$0.00 ,16,266.38,2,0.81,9.94,0.06,0.06,-0.38,0,19.49
Matt Ryan,ATL,QB,$0.00 ,16,286.94,1.31,1,3.94,0,0,0,0,16.12
Ben Roethlisberger,PIT,QB,$0.00 ,14,321.5,1.57,1.14,2.07,0,0,-0.57,0,19.51
Matt Schaub,BAL,QB,$0.00 ,2,270,1.5,2,5,0,0,0,0,16.8
Sam Bradford,PHI,QB,$0.00 ,14,266.07,1.36,1,2.79,0,0,0,0,15.35
Tony Romo,DAL,QB,$0.00 ,4,221,1.25,1.75,3.25,0,0,0,0,12.91
Colt McCoy,WAS,QB,$0.00 ,1,128,1,0,-3,0,0,0,0,8.82
Matt Cassel,DAL,QB,$0.00 ,8,159.38,0.63,0.88,9.75,0,0,0,0,9.6
Matt Hasselbeck,IND,QB,$0.00 ,8,211.25,1.13,0.63,1.88,0,0,0,0,12.64
Ryan Fitzpatrick,NYJ,QB,$0.00 ,16,244.06,1.94,0.94,16.88,0.13,0,0,0,19.26
Luke McCown,NOS,QB,$0.00 ,2,167.5,0,0.5,0,0,0,0,0,7.7
Tarvaris Jackson,SEA,QB,$0.00 ,4,9.25,0,0,-2,0,0,0,0,0.17
Cam Newton,CAR,QB,$0.00 ,18,240.72,2.11,0.61,38.11,0.67,0,0,0,25.5
Andy Dalton,CIN,QB,$0.00 ,13,250,1.92,0.54,10.85,0.23,0,0,0,19.93
Charlie Whitehurst,IND,QB,$0.00 ,4,37.5,0,0.25,0.25,0,0,0,0,1.27
Blaine Gabbert,SFO,QB,$0.00 ,8,253.88,1.25,0.88,23.13,0.13,0,0,0,17.97
Colin Kaepernick,SFO,QB,$0.00 ,9,179.44,0.67,0.56,28.44,0.11,0,0,0,13.58
Ryan Mallett,BAL,QB,$0.00 ,7,190.86,0.71,0.86,2.14,0.14,0,0,0,11.42
Shaun Hill,MIN,QB,$0.00 ,3,5,0,0,-1.67,0,0,0,0,0.03
Chase Daniel,KCC,QB,$0.00 ,3,1.33,0,0,-1.33,0,0,0,0,-0.08
Tyrod Taylor,BUF,QB,$0.00 ,14,216.79,1.43,0.43,40.57,0.29,0.07,0.29,0,20.33
Arian Foster,HOU,RB,$0.00 ,4,0,0,0,40.75,0.25,5.5,56.75,0.5,21
Jamaal Charles,KCC,RB,$0.00 ,5,0,0,0,72.8,0.8,4.2,35.4,0.2,21.82
Adrian Peterson,MIN,RB,$0.00 ,17,0,0,0,90,0.65,1.88,13.82,0,16.26
Frank Gore,IND,RB,$0.00 ,16,0,0,0,60.44,0.38,2.13,16.69,0.06,12.65
LeSean McCoy,BUF,RB,$0.00 ,12,0,0,0,74.58,0.25,2.67,24.33,0.17,15.56
Darren McFadden,DAL,RB,$0.00 ,16,0,0,0,68.06,0.19,2.5,20.5,0,12.79
Chris Johnson,ARI,RB,$0.00 ,11,0,0,0,74,0.27,0.55,5.27,0,10.2
LeGarrette Blount,NEP,RB,$0.00 ,12,0,0,0,58.58,0.5,0.5,3.58,0.08,10.47
Steven Jackson,NEP,RB,$0.00 ,4,0,0,0,18.5,0.5,0.5,5.5,0,5.9
Reggie Bush,SFO,RB,$0.00 ,5,0,0,0,5.6,0,0.8,3.8,0,1.74
Ryan Grant,WAS,RB,$0.00 ,13,0,0,0,0,0,1.77,20.62,0.15,4.98
Ahmad Bradshaw,IND,RB,$0.00 ,6,0,0,0,14.17,0,1.67,10.67,0.5,7.15
Pierre Thomas,WAS,RB,$0.00 ,5,0,0,0,14.2,0,1.8,16.8,0,4.9
DeAngelo Williams,PIT,RB,$0.00 ,16,0,0,0,56.69,0.69,2.5,22.94,0,15.03
Fred Jackson,SEA,RB,$0.00 ,17,0,0,0,6.53,0,2.12,17.59,0.12,5.53
Ryan Mathews,PHI,RB,$0.00 ,13,0,0,0,41.46,0.46,1.54,11.23,0.08,10.27
James Starks,GBP,RB,$0.00 ,18,0,0,0,37.61,0.17,2.72,22.67,0.17,10.92
Danny Woodhead,SDC,RB,$0.00 ,16,0,0,0,20.94,0.19,5.06,47.25,0.38,15.63
Darren Sproles,PHI,RB,$0.00 ,16,0,0,0,19.81,0.19,3.44,24.25,0.06,10.47
Mark Ingram,NOS,RB,$0.00 ,12,0,0,0,64.08,0.5,4.17,33.75,0,17.53
Marshawn Lynch,SEA,RB,$0.00 ,8,0,0,0,54.63,0.38,1.88,11.88,0,11.4
Justin Forsett,BAL,RB,$0.00 ,10,0,0,0,64.1,0.2,3.1,15.3,0,12.84
Jonathan Stewart,CAR,RB,$0.00 ,15,0,0,0,78.53,0.53,1.27,7.27,0.07,13.71
C.J. Spiller,NOS,RB,$0.00 ,13,0,0,0,8.62,0,2.62,18.38,0.15,6.7
Kendall Hunter,NOS,RB,$0.00 ,1,0,0,0,2,0,0,0,0,0.2
Toby Gerhart,JAC,RB,$0.00 ,5,0,0,0,8.8,0,0.6,4.6,0,1.94
Stevan Ridley,NYJ,RB,$0.00 ,8,0,0,0,11.25,0,0.5,-0.25,0,1.6
Roy Helu,OAK,RB,$0.00 ,8,0,0,0,4.88,0,1.13,9.38,0.13,3.3
Marcel Reece,OAK,RB,$0.00 ,15,0,0,0,2.4,0,2,17.93,0.2,5.43
Shane Vereen,NYG,RB,$0.00 ,16,0,0,0,16.25,0,3.69,30.94,0.25,10.28
DeMarco Murray,PHI,RB,$0.00 ,15,0,0,0,46.6,0.4,2.93,21.47,0.07,12.81
Bilal Powell,NYJ,RB,$0.00 ,11,0,0,0,28.45,0.09,4.27,35.27,0.18,12.83
Jacquizz Rodgers,CHI,RB,$0.00 ,5,0,0,0,8.2,0,0.2,2,0,1.22
Donald Brown,SDC,RB,$0.00 ,6,0,0,0,38.17,0.17,1.33,14.67,0,8.12
Dion Lewis,NEP,RB,$0.00 ,7,0,0,0,33.43,0.29,5.14,55.43,0.29,18.17
Antonio Gates,SDC,TE,$0.00 ,11,0,0,0,0,0,5.09,57.27,0.45,13.82
Vernon Davis,DEN,TE,$0.00 ,14,0,0,0,0,0,2.71,28.21,0,5.75
Jason Witten,DAL,TE,$0.00 ,16,0,0,0,0,0,4.81,44.5,0.19,10.51
Rob Gronkowski,NEP,TE,$0.00 ,17,0,0,0,0,0,5.12,82.53,0.82,18.49
Marcedes Lewis,JAC,TE,$0.00 ,15,0,0,0,0,0,1.07,15.07,0,2.77
Jimmy Graham,SEA,TE,$0.00 ,11,0,0,0,0,0,4.36,55,0.18,11.23
Brent Celek,PHI,TE,$0.00 ,12,0,0,0,0,0,2.25,33.17,0.25,7.32
Benjamin Watson,NOS,TE,$0.00 ,16,0,0,0,0,0,4.63,51.56,0.38,12.16
Owen Daniels,DEN,TE,$0.00 ,18,0,0,0,0,0,2.78,31.11,0.28,7.72
Brandon Pettigrew,DET,TE,$0.00 ,7,0,0,0,0,0,1,9.57,0.14,2.81
Heath Miller,PIT,TE,$0.00 ,17,0,0,0,0.12,0,3.71,32.29,0.12,7.95
Anthony Fasano,TEN,TE,$0.00 ,14,0,0,0,0,0,1.86,20.64,0.14,4.99
Ed Dickson,CAR,TE,$0.00 ,14,0,0,0,0,0,1.36,10.21,0.14,3.88
Jermaine Gresham,ARI,TE,$0.00 ,13,0,0,0,0,0,1.38,17.15,0.08,3.79
Jared Cook,STL,TE,$0.00 ,16,0,0,0,0,0,2.44,30.06,0,5.69
Kellen Davis,NYJ,TE,$0.00 ,8,0,0,0,0,0,0.38,2.25,0.13,1.35
Michael Hoomanawanui,NOS,TE,$0.00 ,10,0,0,0,0,0,1.1,7.6,0.3,3.56
Daniel Fells,NYG,TE,$0.00 ,2,0,0,0,0,0,3,30,0,6
Craig Stevens,TEN,TE,$0.00 ,10,0,0,0,0,0,1.2,12.1,0.2,3.91
Greg Olsen,CAR,TE,$0.00 ,18,0,0,0,0,0,4.94,71.89,0.44,14.91
Matt Spaeth,PIT,TE,$0.00 ,4,0,0,0,0,0,0.75,2.75,0,1.02
Julius Thomas,JAC,TE,$0.00 ,12,0,0,0,0,0,3.83,37.92,0.42,10.38
Scott Chandler,NEP,TE,$0.00 ,12,0,0,0,0,0,1.92,21.58,0.33,6.33
Brandon Myers,TBB,TE,$0.00 ,6,0,0,0,0,0,2,21.17,0,4.62
Martellus Bennett,CHI,TE,$0.00 ,11,0,0,0,0,0,4.82,39.91,0.27,10.72
Lance Kendricks,STL,TE,$0.00 ,14,0,0,0,0,0,1.79,17.5,0.14,4.61
Charles Clay,BUF,TE,$0.00 ,13,0,0,0,0,0,3.92,40.62,0.23,9.6
Virgil Green,DEN,TE,$0.00 ,13,0,0,0,0,0,1.08,14.38,0.08,3.21
Rob Housler,CHI,TE,$0.00 ,5,0,0,0,0,0,0.8,6.6,0,1.46
Kyle Rudolph,MIN,TE,$0.00 ,17,0,0,0,0,0,2.94,30.53,0.29,7.94
Jacob Tamme,ATL,TE,$0.00 ,15,0,0,0,0,0,3.93,43.8,0.07,8.91
Jordan Cameron,MIA,TE,$0.00 ,16,0,0,0,0,0,2.19,24.13,0.19,5.91
Delanie Walker,TEN,TE,$0.00 ,15,0,0,0,2.4,0,6.27,72.53,0.4,16.49
Andrew Quarless,GBP,TE,$0.00 ,3,0,0,0,0,0,1.33,10.33,0,2.37
Dave Johnson,SDC,TE,$0.00 ,4,0,0,0,1,0,0.25,1,0,0.2
Clay Harbor,JAC,TE,$0.00 ,8,0,0,0,0,0,1.75,18.63,0.13,4.99
Peyton Manning,DEN,QB,$0.00 ,12,220.58,0.92,1.42,0.33,0,0,0,0,11.44
Carson Palmer,ARI,QB,$0.00 ,18,291.94,2.17,0.94,1.33,0.06,0,0,0,19.81
Derek Anderson,CAR,QB,$0.00 ,4,9,0,0,-1,0,0,0,0,0.26
Josh McCown,CLE,QB,$0.00 ,8,263.63,1.5,0.5,12.25,0.13,0,0,0,18.14
Dan Orlovsky,DET,QB,$0.00 ,2,100.5,0.5,0.5,0,0,0,0,0,5.52
Kellen Clemens,SDC,QB,$0.00 ,2,31.5,0.5,0,-0.5,0,0,0,0,3.21
Joe Webb,CAR,QB,$0.00 ,1,0,0,0,-1,0,0,0,0,-0.1
Rashad Jennings,NYG,RB,$0.00 ,16,0,0,0,53.94,0.19,1.81,18.5,0.06,10.81
Chris Ivory,NYJ,RB,$0.00 ,15,0,0,0,71.33,0.47,2,14.47,0.07,14.05
Anthony Dixon,BUF,RB,$0.00 ,8,0,0,0,5.5,0.13,0.75,5.5,0,2.6
Joique Bell,DET,RB,$0.00 ,13,0,0,0,23.92,0.31,1.69,22,0,8.59
Kevin Smith,SEA,RB,$0.00 ,5,0,0,0,0,0,1,12.8,0,2.28
Hakeem Nicks,NYG,WR,$0.00 ,6,0,0,0,0,0,1.17,9,0,2.07
Wes Welker,STL,WR,$0.00 ,7,0,0,0,0,0,1.86,14.57,0,3.74
Greg Jennings,MIA,WR,$0.00 ,12,0,0,0,0,0,1.58,17.33,0.08,4.07
Nate Washington,HOU,WR,$0.00 ,14,0,0,0,0,0,3.43,47.21,0.29,10.08
Steve Smith,BAL,WR,$0.00 ,7,0,0,0,0,0,6.57,95.71,0.43,19.14
Roddy White,ATL,WR,$0.00 ,15,0,0,0,0,0,2.87,33.73,0.07,6.84
Anquan Boldin,SFO,WR,$0.00 ,14,0,0,0,0,0,4.93,56.36,0.29,12.42
Larry Fitzgerald,ARI,WR,$0.00 ,18,0,0,0,0,0,6.72,78.94,0.56,18.01
Jeremy Maclin,KCC,WR,$0.00 ,17,0,0,0,0.65,0,5.41,67.06,0.47,15.12
Mike Wallace,MIN,WR,$0.00 ,16,0,0,0,0.38,0,2.5,30.19,0.13,6.49
Danny Amendola,NEP,WR,$0.00 ,16,2.25,0,0,0.69,0,4.5,44.06,0.19,10.31
Marques Colston,NOS,WR,$0.00 ,13,0,0,0,0,0,3.46,40,0.31,9.54
Dez Bryant,DAL,WR,$0.00 ,9,0,0,0,0,0,3.44,44.56,0.33,10.23
Brandon Marshall,NYJ,WR,$0.00 ,16,0,0,0,0,0,6.81,93.88,0.88,21.51
Pierre Garcon,WAS,WR,$0.00 ,17,0,0,0,0,0,4.53,49.82,0.35,11.81
Jason Avant,KCC,WR,$0.00 ,11,0,0,0,0,0,1.73,17.09,0,3.71
Calvin Johnson,DET,WR,$0.00 ,16,0,0,0,0,0,5.5,75.88,0.56,16.59
Malcom Floyd,SDC,WR,$0.00 ,15,0,0,0,0,0,2,37.4,0.2,7.07
Eric Weems,ATL,WR,$0.00 ,2,0,0,0,2,0,0.5,5.5,0,1.25
Brandon Tate,CIN,WR,$0.00 ,3,0,0,0,0,0,0.67,19.67,0.33,4.63
Andre Johnson,IND,WR,$0.00 ,16,0,0,0,0,0,2.56,31.44,0.25,7.39
DeSean Jackson,WAS,WR,$0.00 ,10,0,0,0,0,0,3.2,54.5,0.4,11.25
Harry Douglas,TEN,WR,$0.00 ,14,0,0,0,-0.43,0,2.57,29.36,0.14,6.46
Lance Moore,DET,WR,$0.00 ,13,0,0,0,0,0,2.23,25.92,0.31,6.82
Louis Murphy,TBB,WR,$0.00 ,5,0,0,0,0,0,2,39.6,0,6.56
Brandon LaFell,NEP,WR,$0.00 ,12,0,0,0,0.75,0,3.33,43.42,0,8
Michael Crabtree,OAK,WR,$0.00 ,16,0,0,0,0,0,5.31,57.63,0.56,14.64
James Jones,GBP,WR,$0.00 ,18,0,0,0,0,0,3.17,53.94,0.44,11.62
Dwayne Bowe,CLE,WR,$0.00 ,7,0,0,0,0,0,0.71,7.57,0,1.47
Jerricho Cotchery,CAR,WR,$0.00 ,16,0,0,0,1,0,2.75,32.75,0.19,7.44
Darrius Heyward-Bey,PIT,WR,$0.00 ,13,0,0,0,0,0,1.77,29.08,0.15,5.83
Percy Harvin,BUF,WR,$0.00 ,5,0,0,0,6.2,0,3.8,43.6,0.2,10.58
Marcus Easley,BUF,WR,$0.00 ,3,0,0,0,0,0,0.33,19.33,0.33,4.27
Brian Hartline,CLE,WR,$0.00 ,12,0,0,0,0,0,3.83,43.58,0.17,9.44
Vincent Jackson,TBB,WR,$0.00 ,10,0,0,0,0,0,3.3,54.3,0.3,11.03
Antonio Brown,PIT,WR,$0.00 ,17,0,0,0,1.65,0,8.41,114.88,0.59,24.24
Demaryius Thomas,DEN,WR,$0.00 ,18,0,0,0,0,0,6.17,75.33,0.33,15.87
Emmanuel Sanders,DEN,WR,$0.00 ,17,0,0,0,1.71,0,5.06,75.41,0.35,14.95
Jerome Simpson,SFO,WR,$0.00 ,5,0,0,0,0,0,1,10.8,0.2,3.28
Eric Decker,NYJ,WR,$0.00 ,15,0,0,0,0,0,5.33,68.47,0.8,17.11
Andre Caldwell,DEN,WR,$0.00 ,14,0,0,0,0.21,0,0.86,6.14,0.14,2.35
Jordan Norwood,DEN,WR,$0.00 ,12,0,0,0,0,0,2.08,19.42,0,4.27
Andre Roberts,WAS,WR,$0.00 ,8,0,0,0,0,0,1.38,16.88,0,4.19
Dexter McCluster,TEN,WR,$0.00 ,11,0,0,0,22.45,0.09,2.82,23.64,0.09,9.06
Marlon Moore,CLE,WR,$0.00 ,6,0,0,0,0,0,1.17,13.5,0.17,3.52
Kenny Britt,STL,WR,$0.00 ,16,0,0,0,0,0,2.25,42.56,0.19,7.82
Julian Edelman,NEP,WR,$0.00 ,11,0,0,0,3.09,0,7.09,76.82,0.64,19.08
Golden Tate,DET,WR,$0.00 ,16,0,0,0,2.56,0,5.63,50.81,0.38,13.34
Tony Moeaki,ATL,TE,$0.00 ,3,0,0,0,0,0,1,19.33,0.33,4.93
Jim Dray,CLE,TE,$0.00 ,8,0,0,0,0,0,0.75,7.63,0,1.51
Jeff Cumberland,NYJ,TE,$0.00 ,5,0,0,0,0,0,1,15.4,0,2.54
Gary Barnidge,CLE,TE,$0.00 ,16,0,0,0,0,0,4.94,65.19,0.56,15.02
Garrett Graham,HOU,TE,$0.00 ,7,0,0,0,0,0,0.57,4.29,0.14,1.86
John Phillips,SDC,TE,$0.00 ,6,0,0,0,0,0,1.67,11.5,0.17,3.82
Julio Jones,ATL,WR,$0.00 ,16,0,0,0,0,0,8.5,116.94,0.5,23.69
A.J. Green,CIN,WR,$0.00 ,17,0,0,0,0,0,5.35,80.47,0.65,17.4
Dwayne Harris,NYG,WR,$0.00 ,14,0,0,0,0.86,0,2.57,28.29,0.29,8.27
Torrey Smith,SFO,WR,$0.00 ,16,0,0,0,0,0,2.06,41.44,0.25,8.02
Randall Cobb,GBP,WR,$0.00 ,18,0,0,0,4.11,0,4.56,48.17,0.39,12.62
Leonard Hankerson,BUF,WR,$0.00 ,7,0,0,0,0,0,3.71,46.71,0.43,11.39
Jeremy Kerley,NYJ,WR,$0.00 ,5,0,0,0,0,0,3.2,30.4,0.4,9.24
Terrelle Pryor,CLE,QB,$0.00 ,2,0,0,0,-0.5,0,0.5,21,0,2.55
Taiwan Jones,OAK,RB,$0.00 ,8,0,0,0,9,0,0.88,13.25,0.13,4.1
Shaun Draughn,SFO,RB,$0.00 ,9,0,0,0,30.33,0.11,3,19.56,0,9.32
Andrew Hawkins,CLE,WR,$0.00 ,8,0,0,0,0,0,3.38,34.5,0,7.33
Andre Holmes,OAK,WR,$0.00 ,13,0,0,0,0,0,1.08,15.46,0.31,4.7
Ricardo Lockette,SEA,WR,$0.00 ,4,0,0,0,0,0,1,17.25,0.25,4.22
Doug Baldwin,SEA,WR,$0.00 ,18,0,0,0,0,0,5.06,66.28,0.83,16.85
Lee Smith,OAK,TE,$0.00 ,10,0,0,0,0,0,1.2,7,0.1,2.5
Luke Stocker,TBB,TE,$0.00 ,8,0,0,0,0,0,1.13,7.63,0.13,2.64
Andrew Luck,IND,QB,$0.00 ,7,268.71,2.14,1.71,28,0,0,0,0,21.41
Ryan Tannehill,MIA,QB,$0.00 ,16,263.13,1.5,0.75,8.81,0.06,0.06,0.56,0,17.46
Brandon Weeden,HOU,QB,$0.00 ,6,174,0.83,0.33,7.83,0.17,0,0,0,12.08
Brock Osweiler,DEN,QB,$0.00 ,8,245.88,1.25,0.75,7.63,0.13,0,0,0,15.85
Russell Wilson,SEA,QB,$0.00 ,18,251.78,2.11,0.61,33.72,0.06,0,0,0,21.78
Nick Foles,STL,QB,$0.00 ,11,186.55,0.64,0.91,1.82,0.09,0,0,0,10.1
Kirk Cousins,WAS,QB,$0.00 ,17,264.41,1.76,0.65,2.94,0.35,0,0,0,19.93
Doug Martin,TBB,RB,$0.00 ,16,0,0,0,87.63,0.38,2.06,16.94,0.06,15.21
Lamar Miller,MIA,RB,$0.00 ,16,0,0,0,54.5,0.5,2.94,24.81,0.13,14.93
Ronnie Hillman,DEN,RB,$0.00 ,18,0,0,0,50.94,0.39,1.39,6.56,0,9.75
Robert Turbin,DAL,RB,$0.00 ,10,0,0,0,19.9,0.1,0.7,2.3,0,3.82
Bernard Pierce,JAC,RB,$0.00 ,4,0,0,0,2.75,0,0.75,1.75,0,1.2
Chris Polk,HOU,RB,$0.00 ,15,0,0,0,22.27,0.07,1.07,7.27,0.07,5.22
Alfred Morris,WAS,RB,$0.00 ,17,0,0,0,47.12,0.06,0.59,3.24,0,6.15
Coby Fleener,IND,TE,$0.00 ,15,0,0,0,0,0,3.6,32.73,0.2,8.41
Ladarius Green,SDC,TE,$0.00 ,13,0,0,0,0,0,2.85,33,0.31,8.53
Dwayne Allen,IND,TE,$0.00 ,12,0,0,0,0.08,0,1.33,9.08,0.08,3
Michael Floyd,ARI,WR,$0.00 ,17,0,0,0,0,0,3.41,53.65,0.47,11.78
Kendall Wright,TEN,WR,$0.00 ,10,0,0,0,1.7,0,3.6,40.8,0.3,9.95
Alshon Jeffery,CHI,WR,$0.00 ,9,0,0,0,0,0,6,89.67,0.44,17.97
Mohamed Sanu,CIN,WR,$0.00 ,17,0,0,0,4.18,0.12,2.12,24.18,0,5.84
Brian Quick,STL,WR,$0.00 ,9,0,0,0,0,0,1.11,11.33,0,2.58
Rueben Randle,NYG,WR,$0.00 ,16,0,0,0,0,0,3.56,49.81,0.5,11.73
Marvin Jones,CIN,WR,$0.00 ,17,0,0,0,1.94,0,4.06,49.88,0.24,10.83
Matt Asiata,MIN,RB,$0.00 ,16,0,0,0,7,0,1.25,9.06,0,3.23
Bryce Brown,SEA,RB,$0.00 ,3,0,0,0,24,0.33,0,0,0,4.4
Damaris Johnson,TEN,WR,$0.00 ,1,0,0,0,6,0,0,0,0,0.6
Keshawn Martin,NEP,WR,$0.00 ,11,0,0,0,0.55,0,2.36,29.64,0.18,6.65
Brandon Bolden,NEP,RB,$0.00 ,13,0,0,0,16.85,0,1.69,15.85,0.15,6.35
Travaris Cadet,NOS,RB,$0.00 ,6,0,0,0,4.67,0,2.83,35.67,0.17,8.2
Rod Streater,OAK,WR,$0.00 ,1,0,0,0,0,0,1,8,0,1.8
Travis Benjamin,CLE,WR,$0.00 ,16,0,0,0,0.75,0,4.25,60.38,0.31,12.68
Deonte Thompson,CHI,WR,$0.00 ,2,0,0,0,0,0,1,40.5,0,5.05
Chris Givens,BAL,WR,$0.00 ,14,0,0,0,1.29,0,1.43,25.21,0.07,4.72
Jarius Wright,MIN,WR,$0.00 ,16,0,0,0,1.81,0,2.19,28.19,0,5.31
Cole Beasley,DAL,WR,$0.00 ,16,0,0,0,0,0,3.25,33.5,0.31,8.54
T.Y. Hilton,IND,WR,$0.00 ,16,0,0,0,0,0,4.31,70.25,0.31,13.4
Rishard Matthews,MIA,WR,$0.00 ,11,0,0,0,0.36,0,3.91,60.18,0.36,12.42
James Hanna,DAL,TE,$0.00 ,8,0,0,0,0,0,1.13,9.88,0,2.11
Rhett Ellison,MIN,TE,$0.00 ,11,0,0,0,0,0,1,11.27,0.09,2.95
Garrett Celek,SFO,TE,$0.00 ,10,0,0,0,0,0,1.9,18.6,0.3,5.86
Lance Dunbar,DAL,RB,$0.00 ,4,0,0,0,16.75,0,5.25,53.75,0,13.05
T.J. Yates,HOU,QB,$0.00 ,4,92.5,0.75,0.25,0,0,0,0,0,6.95
Jonathan Grimes,HOU,RB,$0.00 ,14,0,0,0,21.21,0.07,2,13.21,0.07,6.87
Seyi Ajirotutu,PHI,WR,$0.00 ,2,0,0,0,0,0,0.5,2,0,0.7
Jermaine Kearse,SEA,WR,$0.00 ,18,0,0,0,0,0,3.5,45.17,0.39,10.52
Chris Owusu,NYJ,WR,$0.00 ,3,0,0,0,0,0,2,26.67,0,4.67
Cory Harkey,STL,TE,$0.00 ,6,0,0,0,0,0,0.83,4.33,0,1.27
Jordan Todman,PIT,RB,$0.00 ,5,0,0,0,18.6,0,0,0,0,1.86
Josh Bellamy,CHI,WR,$0.00 ,10,0,0,0,0,0,1.9,22.4,0.2,5.64
DuJuan Harris,SFO,RB,$0.00 ,4,0,0,0,47.25,0,2.25,24.25,0,9.9
Jeremy Ross,OAK,WR,$0.00 ,6,0,0,0,0.33,0,1.5,14.67,0,2.5
Brian Hoyer,HOU,QB,$0.00 ,12,228.5,1.58,0.92,3.58,0,0,0,0,14.91
Kenbrell Thompkins,NYJ,WR,$0.00 ,6,0,0,0,0,0,2.83,27.5,0,6.08
Eddie Lacy,GBP,RB,$0.00 ,17,0,0,0,53.53,0.24,1.29,11.18,0.12,10.06
Tyler Eifert,CIN,TE,$0.00 ,14,0,0,0,0,0,4.07,48.07,0.93,14.66
Giovani Bernard,CIN,RB,$0.00 ,17,0,0,0,44.59,0.12,3,27.88,0,11.25
Le'Veon Bell,PIT,RB,$0.00 ,6,0,0,0,92.67,0.5,4,22.67,0,19.53
Christine Michael,SEA,RB,$0.00 ,10,0,0,0,31.3,0,0.4,3,0,4.13
Knile Davis,KCC,RB,$0.00 ,11,0,0,0,10.36,0.09,0.36,3.36,0,3.01
Stepfan Taylor,ARI,RB,$0.00 ,6,0,0,0,9.67,0,0.17,0.67,0,1.2
Chris Thompson,WAS,RB,$0.00 ,14,0,0,0,17.21,0,3.07,23.5,0.14,8.43
Zac Stacy,NYJ,RB,$0.00 ,6,0,0,0,14.83,0.17,1.5,10.83,0,5.07
Mike Gillislee,BUF,RB,$0.00 ,5,0,0,0,53.4,0.6,1.2,5.8,0,11.12
Kenjon Barner,PHI,RB,$0.00 ,5,0,0,0,24.8,0,1.8,4.4,0,5.12
Andre Ellington,ARI,RB,$0.00 ,12,0,0,0,24.33,0.25,1.25,12.33,0,6.83
Theo Riddick,DET,RB,$0.00 ,16,0,0,0,8.31,0,5,43.56,0.19,11.63
Geno Smith,NYJ,QB,$0.00 ,1,265,2,1,34,0,0,0,0,21
Tavon Austin,STL,WR,$0.00 ,16,0,0,0,27.13,0.25,3.25,29.56,0.31,12.92
DeAndre Hopkins,HOU,WR,$0.00 ,17,0,0,0,0,0,6.88,93.53,0.65,20.41
Cordarrelle Patterson,MIN,WR,$0.00 ,6,0,0,0,2.5,0,0.33,1.67,0,2.58
Justin Hunter,TEN,WR,$0.00 ,9,0,0,0,0,0,2.44,29.33,0.11,6.38
Robert Woods,BUF,WR,$0.00 ,14,0,0,0,0,0,3.36,39.43,0.21,8.73
Aaron Dobson,NEP,WR,$0.00 ,6,0,0,0,0,0,2.17,23.5,0,5.02
Terrance Williams,DAL,WR,$0.00 ,16,0,0,0,0,0,3.25,52.5,0.19,9.81
Keenan Allen,SDC,WR,$0.00 ,8,0,0,0,0,0,8.38,90.63,0.5,20.69
Marquise Goodwin,BUF,WR,$0.00 ,1,0,0,0,0,0,2,24,0,4.4
Markus Wheaton,PIT,WR,$0.00 ,18,0,0,0,0,0,2.83,44.56,0.28,9.18
Stedman Bailey,STL,WR,$0.00 ,8,0,0,0,0,0,1.5,22.75,0.13,4.9
Denard Robinson,JAC,RB,$0.00 ,12,0,0,0,21.08,0.08,1.75,13.75,0,6.15
Kenny Stills,MIA,WR,$0.00 ,15,0,0,0,0,0,1.8,29.33,0.2,6.13
Zach Ertz,PHI,TE,$0.00 ,15,0,0,0,0,0,5,56.87,0.13,11.62
Gavin Escobar,DAL,TE,$0.00 ,7,0,0,0,0,0,1.14,9.14,0.14,2.77
Vance McDonald,SFO,TE,$0.00 ,14,0,0,0,0,0,2.14,23.29,0.21,5.97
Jordan Reed,WAS,TE,$0.00 ,15,0,0,0,0,0,6.4,71.47,0.8,18.41
Dion Sims,MIA,TE,$0.00 ,12,0,0,0,0,0,1.5,10.58,0.08,3.23
Quinton Patton,SFO,WR,$0.00 ,15,0,0,0,0.33,0,2,26.27,0.07,5.26
Marlon Brown,BAL,WR,$0.00 ,9,0,0,0,0,0,1.56,12.44,0,3.13
Brice Butler,DAL,WR,$0.00 ,5,0,0,0,0,0,2.4,51.6,0,8.16
Mychal Rivera,OAK,TE,$0.00 ,14,0,0,0,0,0,2.29,20,0.07,4.93
Derrick Coleman,SEA,RB,$0.00 ,5,0,0,0,6.4,0,0.2,0,0,0.84
Bobby Rainey,TBB,RB,$0.00 ,6,0,0,0,3,0,0.5,2.67,0,0.9
Anthony Sherman,KCC,RB,$0.00 ,6,0,0,0,0,0,1,6.33,0,1.63
Russell Shepard,TBB,WR,$0.00 ,7,0,0,0,0,0,0.43,4,0.14,1.69
Chris Hogan,BUF,WR,$0.00 ,13,0.31,0,0,0.31,0,2.77,34.62,0.15,7.43
Jaron Brown,ARI,WR,$0.00 ,11,0,0,0,0,0,1.09,14.55,0.09,3.36
Benny Cunningham,STL,RB,$0.00 ,14,0,0,0,10,0,1.86,17.86,0,5.07
Larry Donnell,NYG,TE,$0.00 ,8,0,0,0,0,0,3.63,27.88,0.25,8.29
Fozzy Whittaker,CAR,RB,$0.00 ,14,0,0,0,7.57,0.07,0.86,4.57,0,2.71
Kerwynn Williams,ARI,RB,$0.00 ,5,0,0,0,28.4,0.2,0.4,3.2,0,5.16
Levine Toilolo,ATL,TE,$0.00 ,9,0,0,0,0,0,0.78,4.89,0,1.49
Spencer Ware,KCC,RB,$0.00 ,10,0,0,0,47,0.7,0.6,0.5,0,9.85
Luke Willson,SEA,TE,$0.00 ,14,0,0,0,0,0,1.5,19.07,0.07,4.05
Cierre Wood,BUF,RB,$0.00 ,2,0,0,0,1.5,0,0.5,-3,0,0.35
Khiry Robinson,NOS,RB,$0.00 ,8,0,0,0,22.5,0.5,2.13,14.38,0,9.56
MarQueis Gray,BUF,TE,$0.00 ,1,0,0,0,0,0,1,2,0,1.2
Brittan Golden,ARI,WR,$0.00 ,1,0,0,0,0,0,1,5,0,1.5
Case Keenum,STL,QB,$0.00 ,5,165.6,0.8,0.2,1,0,0,0,0,9.92
Marquess Wilson,CHI,WR,$0.00 ,11,0,0,0,0,0,2.55,42.18,0.09,7.58
Myles White,NYG,WR,$0.00 ,9,0,0,0,0,0,0.78,9.78,0.11,2.42
Jack Doyle,IND,TE,$0.00 ,7,0,0,0,0,0,1.71,10.29,0.14,3.6
Josh Hill,NOS,TE,$0.00 ,13,0,0,0,0,0,1.23,9.23,0.15,3.31
Chase Coffman,SEA,TE,$0.00 ,3,0,0,0,0,0,2.67,23.67,0.33,7.03
C.J. Anderson,DEN,RB,$0.00 ,17,0,0,0,50.82,0.35,1.76,12.47,0,10.45
Jake Stoneburner,MIA,TE,$0.00 ,3,0,0,0,0,0,1.67,15.67,0.67,7.23
Greg Salas,BUF,WR,$0.00 ,1,0,0,0,0,0,3,41,0,7.1
Scott Tolzien,GBP,QB,$0.00 ,2,2,0,0,-1.5,0,0,0,0,-0.07
Chris Gragg,BUF,TE,$0.00 ,7,0,0,0,0,0,1.71,21.43,0,4.29
Phillip Supernaw,TEN,TE,$0.00 ,2,0,0,0,0,0,1.5,16,0,2.6
Crockett Gillmore,BAL,TE,$0.00 ,10,0,0,0,0,0,3.3,41.2,0.4,10.12
Kamar Aiken,BAL,WR,$0.00 ,16,0,0,0,0,0,4.69,59,0.31,12.59
Fitzgerald Toussaint,PIT,RB,$0.00 ,5,0,0,0,27.8,0.2,1.4,12.4,0,7.42
Jeremy Butler,BAL,WR,$0.00 ,8,0,0,0,0,0,3.88,45.38,0,8.79
Michael Campanaro,BAL,WR,$0.00 ,3,0,0,0,5.67,0.33,1.67,11.67,0,5.4
Lorenzo Taliaferro,BAL,RB,$0.00 ,3,0,0,0,15.67,0.33,1.67,9.67,0,6.2
Jeremy Hill,CIN,RB,$0.00 ,17,0,0,0,49.65,0.71,1.06,6.24,0.06,11.47
AJ McCarron,CIN,QB,$0.00 ,8,133.25,0.88,0.38,5,0,0,0,0,9.08
Rex Burkhead,CIN,RB,$0.00 ,13,0,0,0,0.62,0,0.85,7.62,0.08,2.05
Taylor Gabriel,CLE,WR,$0.00 ,12,0,0,0,0,0,2.33,20.08,0,4.67
Terrance West,BAL,RB,$0.00 ,8,0,0,0,28.63,0,0.5,2.63,0,3.75
Willie Snead,NOS,WR,$0.00 ,15,0,0,0,0,0,4.67,66,0.2,12.53
Isaiah Crowell,CLE,RB,$0.00 ,16,0,0,0,44.13,0.25,1.19,11.38,0.06,8.99
Johnny Manziel,CLE,QB,$0.00 ,9,166.67,0.78,0.56,25.56,0,0,0,0,12.11
Jonathan Krause,PHI,WR,$0.00 ,2,0,0,0,0,0,1,5.5,0,1.55
Will Johnson,PIT,RB,$0.00 ,5,0,0,0,1.4,0.2,0.4,3.2,0,2.46
Landry Jones,PIT,QB,$0.00 ,8,65.5,0.38,0.63,-0.63,0,0,0,0,3.68
Martavis Bryant,PIT,WR,$0.00 ,13,0,0,0,9.31,0.08,4.92,72.92,0.54,17.22
Ka'Deem Carey,CHI,RB,$0.00 ,7,0,0,0,22.71,0.29,0.43,2.71,0.14,5.83
Jimmy Clausen,BAL,QB,$0.00 ,4,184.75,0.5,1,9,0,0,0,0,10.04
George Winn,DET,RB,$0.00 ,2,0,0,0,0.5,0,0,0,0,0.05
TJ Jones,DET,WR,$0.00 ,7,0,0,0,-0.43,0,1.43,18.86,0.14,4.41
Eric Ebron,DET,TE,$0.00 ,14,0,0,0,0,0,3.36,38.36,0.36,9.55
Kellen Moore,DAL,QB,$0.00 ,3,259.67,1.33,2,-0.33,0,0,0,0,14.35
Corey Fuller,DET,WR,$0.00 ,4,0,0,0,0,0,1,19,0,2.65
Jeff Janis,GBP,WR,$0.00 ,6,0,0,0,0,0,1.5,37.33,0.33,7.73
Justin Perillo,GBP,TE,$0.00 ,6,0,0,0,0,0,1.83,17,0.17,5.03
Davante Adams,GBP,WR,$0.00 ,14,0,0,0,0,0,3.86,37.93,0.14,8.86
Jared Abbrederis,GBP,WR,$0.00 ,7,0,0,0,0,0,2.14,25.71,0,5.43
Richard Rodgers,GBP,TE,$0.00 ,18,0,0,0,0.61,0,3.61,31.44,0.44,9.76
Jerick McKinnon,MIN,RB,$0.00 ,17,0,0,0,16.35,0.12,1.41,11.47,0.06,5.61
Teddy Bridgewater,MIN,QB,$0.00 ,17,198.65,0.82,0.53,11.29,0.18,0,0,0,13.19
Adam Thielen,MIN,WR,$0.00 ,10,0,0,0,8.9,0,1.2,14.4,0,3.83
E.J. Manuel,BUF,QB,$0.00 ,4,140.25,0.75,0.75,16,0.25,0,0,0,11.46
Sammy Watkins,BUF,WR,$0.00 ,13,0,0,0,0.08,0,4.62,80.54,0.69,17.06
Jarvis Landry,MIA,WR,$0.00 ,16,0.56,0,0,6.94,0.06,6.94,72.44,0.25,17.65
Orleans Darkwa,NYG,RB,$0.00 ,8,0,0,0,19.13,0.13,0.38,3.88,0,3.8
Damien Williams,MIA,RB,$0.00 ,13,0,0,0,4.54,0,1.62,10.92,0.08,3.78
Matt Hazel,MIA,WR,$0.00 ,1,0,0,0,0,0,0,0,0,0
Jimmy Garoppolo,NEP,QB,$0.00 ,4,1.5,0,0,-1.25,0,0,0,0,-0.07
Matt Slater,NEP,WR,$0.00 ,1,0,0,0,0,0,0,0,0,0
Jonas Gray,JAC,RB,$0.00 ,7,0,0,0,25.14,0,1,10.86,0,5.03
Quincy Enunwa,NYJ,WR,$0.00 ,11,0,0,0,0,0,2,28.64,0,5.14
Alfred Blue,HOU,RB,$0.00 ,15,0,0,0,53.13,0.13,1,7.27,0.07,8.57
C.J. Fiedorowicz,HOU,TE,$0.00 ,14,0,0,0,0,0,1.29,12,0.07,3.06
Daniel Herron,IND,RB,$0.00 ,8,0,0,0,9.88,0,1.13,5.88,0,2.7
Tony Washington,JAC,WR,$0.00 ,1,0,0,0,8,0,0,0,0,0.8
Donte Moncrief,IND,WR,$0.00 ,16,0,0,0,0,0,4,45.81,0.38,11.02
Cecil Shorts,HOU,WR,$0.00 ,12,1.75,0.08,0,3.92,0,3.58,40.75,0.17,9.62
Allen Robinson,JAC,WR,$0.00 ,16,0,0,0,0,0,5,87.5,0.88,19.19
Allen Hurns,JAC,WR,$0.00 ,15,0,0,0,0,0,4.27,68.67,0.67,15.27
Blake Bortles,JAC,QB,$0.00 ,16,276.75,2.19,1.13,19.38,0.13,0,0,0,21.57
Marqise Lee,JAC,WR,$0.00 ,9,0,0,0,4.22,0,1.67,21.22,0.11,5.21
Marc Mariani,CHI,WR,$0.00 ,12,0,0,0,0,0,1.83,25,0,4.5
Zach Mettenberger,TEN,QB,$0.00 ,7,133.57,0.57,1,1.14,0.14,0,0,0,7.74
Antonio Andrews,TEN,RB,$0.00 ,14,2.93,0.07,0,37.14,0.21,1.5,12.43,0,8.5
Bishop Sankey,TEN,RB,$0.00 ,12,0,0,0,16.08,0.08,1.17,11.58,0.08,5.35
Devin Street,DAL,WR,$0.00 ,10,0,0,0,0,0,0.7,11.4,0.1,2.64
Andre Williams,NYG,RB,$0.00 ,16,0,0,0,16.06,0.06,0.06,0.44,0,2.4
Odell Beckham,NYG,WR,$0.00 ,15,0,0,0,0.2,0,6.4,96.67,0.87,21.49
Ryan Nassib,NYG,QB,$0.00 ,1,68,1,0,0,0,0,0,0,6.72
Jerome Cunningham,NYG,WR,$0.00 ,6,0,0,0,0,0,1.33,9.83,0,2.32
Kendall Gaskins,SFO,RB,$0.00 ,4,0,0,0,9.5,0,2,17.25,0,4.67
Trey Burton,PHI,TE,$0.00 ,3,0,0,0,0,0,1,18,0,2.8
Josh Huff,PHI,WR,$0.00 ,13,0,0,0,0,0,2.08,24,0.23,6.09
Jordan Matthews,PHI,WR,$0.00 ,16,0,0,0,0,0,5.31,62.31,0.5,14.67
Rashad Ross,WAS,WR,$0.00 ,6,0,0,0,0,0,1.5,31,0.17,7.1
Devonta Freeman,ATL,RB,$0.00 ,15,0,0,0,70.4,0.73,4.87,38.53,0.2,21.63
Sean Renfree,ATL,QB,$0.00 ,2,5.5,0,0.5,-2,0,0,0,0,-0.48
Philly Brown,CAR,WR,$0.00 ,16,0,0,0,2.38,0,2.31,36.38,0.31,8.25
Brenton Bersin,CAR,WR,$0.00 ,5,0,0,0,0,0,1.8,23.8,0,4.58
Brandon Coleman,NOS,WR,$0.00 ,16,0,0,0,0,0,1.88,28.38,0.13,5.65
Nic Jacob,JAC,TE,$0.00 ,3,0,0,0,0,0,0.33,2,0,0.53
Brandin Cooks,NOS,WR,$0.00 ,16,0,0,0,1.13,0,5.25,71.13,0.56,16.04
Timothy Wright,DET,TE,$0.00 ,6,0,0,0,0,0,1.5,12.83,0.33,4.78
Mike Evans,TBB,WR,$0.00 ,15,0,0,0,0,0,4.93,80.53,0.2,14.32
Austin Seferian-Jenkins,TBB,TE,$0.00 ,7,0,0,0,0,0,3,48.29,0.57,11.69
Charles Sims,TBB,RB,$0.00 ,16,0,0,0,33.06,0,3.19,35.06,0.25,11.75
Alex Tanney,TEN,QB,$0.00 ,1,99,1,0,0,0,0,0,0,7.96
Cameron Brate,TBB,TE,$0.00 ,12,0,0,0,0,0,1.92,24,0.25,6.07
Bennie Fowler,DEN,WR,$0.00 ,15,0,0,0,0,0,1.2,15.87,0,2.99
Juwan Thompson,DEN,RB,$0.00 ,7,0,0,0,6.86,0,0.86,7.29,0,2.27
Cody Latimer,DEN,WR,$0.00 ,8,0,0,0,0.13,0,1.13,11.25,0.13,3.01
Albert Wilson,KCC,WR,$0.00 ,16,0,0,0,2.31,0,2.63,32.31,0.19,7.4
Demetrius Harris,KCC,TE,$0.00 ,7,0,0,0,0,0,1.14,12,0.14,3.2
Travis Kelce,KCC,TE,$0.00 ,18,0,0,0,0,0,4.78,57,0.28,12.42
Frankie Hammond,KCC,WR,$0.00 ,3,0,0,0,0,0,0.67,1.67,0,0.5
De'Anthony Thomas,KCC,RB,$0.00 ,10,0,0,0,3.4,0.1,1.7,14,0.1,4.84
Charcandrick West,KCC,RB,$0.00 ,15,0,0,0,48.07,0.33,1.53,15.87,0.07,10.66
Brian Leonhardt,SFO,TE,$0.00 ,1,0,0,0,0,0,1,4,0,1.4
Jamize Olawale,OAK,RB,$0.00 ,10,0,0,0,11,0.1,0.9,8.4,0,3.74
Scott Simonson,CAR,TE,$0.00 ,1,0,0,0,0,0,1,10,0,2
Seth Roberts,OAK,WR,$0.00 ,16,0,0,0,0,0,2,30,0.31,7.19
Derek Carr,OAK,QB,$0.00 ,16,249.19,2,0.81,8.63,0,0,0,0,18.39
Latavius Murray,OAK,RB,$0.00 ,16,0,0,0,66.63,0.38,2.56,14.5,0,13.18
Matthew McGloin,OAK,QB,$0.00 ,2,71,1,0.5,0,0,0,0,0,5.84
Eddie Royal,CHI,WR,$0.00 ,9,0,0,0,-0.11,0,4.11,26.44,0.11,7.74
Branden Oliver,SDC,RB,$0.00 ,6,0,0,0,18,0,2.17,18.67,0,6.83
Dontrelle Inman,SDC,WR,$0.00 ,12,0,0,0,0,0,2.92,40.5,0.25,8.63
Javontee Herndon,SDC,WR,$0.00 ,7,0,0,0,1.86,0,3.43,27.86,0,6.69
Troy Niklas,ARI,TE,$0.00 ,3,0,0,0,0,0,1.33,11,0.67,6.43
John Brown,ARI,WR,$0.00 ,17,0,0,0,1.41,0,4.24,65.18,0.41,13.48
Drew Stanton,ARI,QB,$0.00 ,6,17.33,0,0.33,-2.17,0,0,0,0,0.14
Ted Ginn,CAR,WR,$0.00 ,16,0,0,0,5.81,0.06,2.88,49.44,0.63,12.71
Darren Fells,ARI,TE,$0.00 ,13,0,0,0,0,0,1.92,27.77,0.31,6.78
Tre Mason,STL,RB,$0.00 ,13,0,0,0,15.92,0.08,1.38,6.77,0,4.27
Austin Davis,CLE,QB,$0.00 ,3,182.33,0.33,1,11,0,0,0,0,9.06
Bruce Ellington,SFO,WR,$0.00 ,11,0,0,0,0.64,0,1.18,13.91,0,2.82
Glenn Winston,CLE,RB,$0.00 ,1,0,0,0,-8,0,0,0,0,-1.8
Derek Carrier,WAS,TE,$0.00 ,11,0,0,0,0,0,1.55,12.82,0.09,3.65
Asante Cleveland,SDC,TE,$0.00 ,1,0,0,0,0,0,1,1,0,1.1
Carlos Hyde,SFO,RB,$0.00 ,7,0,0,0,67.14,0.43,1.57,7.57,0,12.04
Chris Matthews,BAL,WR,$0.00 ,11,0,0,0,0,0,1.18,13.73,0.09,3.37
Cooper Helfet,SEA,TE,$0.00 ,7,0,0,0,0,0,1.86,18.57,0,4.14
B.J. Daniels,HOU,QB,$0.00 ,3,2.33,0,0,2,0,0.67,6,0,1.56
Kevin Norwood,CAR,WR,$0.00 ,1,0,0,0,0,0,0,0,0,0
Bryan Walters,JAC,WR,$0.00 ,11,0,0,0,0,0,2.91,33.45,0.09,7.07
Paul Richardson,SEA,WR,$0.00 ,1,0,0,0,0,0,1,40,0,5
James White,NEP,RB,$0.00 ,14,0,0,0,5.14,0.14,3.36,35.29,0.29,10.19
Steve Johnson,SDC,WR,$0.00 ,9,0,0,0,0,0,5,55.22,0.33,12.86
Ryan Hewitt,CIN,RB,$0.00 ,9,0,0,0,0,0,0.89,11,0,1.99
Tyler Clutts,DAL,RB,$0.00 ,1,0,0,0,0,0,1,4,0,1.4
Jorvorskie Lane,TBB,RB,$0.00 ,3,0,0,0,0,0,0.67,4.33,0,1.1
Kyle Juszczyk,BAL,RB,$0.00 ,16,0,0,0,0.19,0,2.56,20.06,0.25,6.28
Tommy Bohanon,NYJ,RB,$0.00 ,5,0,0,0,0.4,0,0.8,11.2,0,1.96
John Kuhn,GBP,RB,$0.00 ,11,0,0,0,2.91,0.18,0.82,6.55,0,2.85
Zach Line,MIN,RB,$0.00 ,11,0,0,0,0.91,0.18,0.73,9.27,0.09,3.65
Jerome Felton,BUF,RB,$0.00 ,3,0,0,0,0.67,0,0.33,4,0,0.8
Jay Prosch,HOU,RB,$0.00 ,5,0,0,0,7,0,0,0,0,0.7
Darrel Young,WAS,RB,$0.00 ,9,0,0,0,1.56,0,0.67,2.44,0,1.07
Patrick DiMarco,ATL,RB,$0.00 ,10,0,0,0,0,0,1.3,11,0.2,3.9
Mike Tolbert,CAR,RB,$0.00 ,18,0,0,0,15.39,0.06,1.06,9.33,0.17,5.31
Austin Johnson,NOS,RB,$0.00 ,5,0,0,0,1.8,0.2,1,6,0,2.98
Bruce Miller,SFO,RB,$0.00 ,10,0,0,0,1.4,0.1,1,13.5,0,3.39
Alexander Smith,WAS,TE,$0.00 ,3,0,0,0,0,0,0.33,5.33,0,0.87
Zach Miller,CHI,TE,$0.00 ,12,0,0,0,0,0,2.83,36.58,0.42,9.24
Charles Johnson,MIN,WR,$0.00 ,6,0,0,0,0,0,1.5,21.17,0,4.12
Ryan Griffin,HOU,TE,$0.00 ,10,0,0,0,0,0,2.3,28,0.2,6.6
Matthew Moore,MIA,QB,$0.00 ,1,14,0,0,-2,0,0,0,0,0.36
Will Tukuafu,SEA,RB,$0.00 ,4,0,0,0,0.25,0.25,0.25,1.75,0.25,3.2
Tim Hightower,NOS,RB,$0.00 ,6,0,0,0,62.5,0.67,2,21.5,0,15.4
Nick Williams,ATL,WR,$0.00 ,11,0,0,0,0,0,1.55,14.45,0.18,4.35
Jarryd Hayne,SFO,RB,$0.00 ,4,0,0,0,13,0,1.5,6.75,0,3.23
Daniel Brown,BAL,WR,$0.00 ,4,0,0,0,0,0,1.5,16,0,3.1
Maxx Williams,BAL,TE,$0.00 ,11,0,0,0,0,0,2.91,24.36,0.09,6.16
Darren Waller,BAL,WR,$0.00 ,3,0,0,0,0,0,0.67,6,0,1.27
Javorius Allen,BAL,RB,$0.00 ,16,0,0,0,32.25,0.06,2.81,22.06,0.13,9.62
Terrance Magee,BAL,RB,$0.00 ,1,0,0,0,5,0,1,2,0,1.7
Nick Boyle,BAL,TE,$0.00 ,8,0,0,0,0,0,2.25,19.13,0,4.79
Tyler Kroft,CIN,TE,$0.00 ,7,0,0,0,0,0,1.57,18.43,0.14,4.7
Mario Alford,CIN,WR,$0.00 ,1,0,0,0,0,0,1,15,0,2.5
C.J. Uzomah,CIN,TE,$0.00 ,1,0,0,0,0,0,1,4,0,1.4
Vince Mayle,DAL,WR,$0.00 ,1,0,0,0,0,0,0,0,0,0
Emmanuel Bibbs,CLE,TE,$0.00 ,2,0,0,0,0,0,0.5,3.5,0,0.85
Malcolm Johnson,CLE,TE,$0.00 ,5,0,0,0,0,0,0.8,3,0,1.1
Darius Jennings,CLE,WR,$0.00 ,3,0,0,0,0,0,4.67,39,0,9.57
Duke Johnson,CLE,RB,$0.00 ,16,0,0,0,23.69,0,3.81,33.38,0.13,10.64
Sammie Coates,PIT,WR,$0.00 ,2,0,0,0,0,0,1.5,36,0,5.1
Jesse James,PIT,TE,$0.00 ,6,0,0,0,0,0,1.5,13,0.17,4.13
Tyler Murphy,MIA,QB,$0.00 ,1,0,0,0,0,0,1,16,0,2.6
Jeremy Langford,CHI,RB,$0.00 ,15,0,0,0,35.8,0.4,1.47,18.6,0.07,10.24
Cameron Meredith,CHI,WR,$0.00 ,6,0,0,0,0,0,1.83,20,0,4.33
Zach Zenner,DET,RB,$0.00 ,4,0,0,0,15,0,0.5,2.75,0,2.27
Ameer Abdullah,DET,RB,$0.00 ,16,0,0,0,37.38,0.13,1.56,11.44,0.06,7.82
Michael Burton,DET,RB,$0.00 ,8,0,0,0,0.25,0,0.75,4.88,0.13,2.01
John Crockett,GBP,RB,$0.00 ,2,0,0,0,10.5,0,0,0,0,1.05
Ty Montgomery,GBP,WR,$0.00 ,5,0,0,0,2.8,0,3,27.2,0.4,9
Aaron Ripkowski,GBP,RB,$0.00 ,1,0,0,0,0,0,1,18,0,2.8
Stefon Diggs,MIN,WR,$0.00 ,14,0,0,0,1.36,0,4,53.29,0.29,11.39
MyCole Pruitt,MIN,TE,$0.00 ,11,0,0,0,0,0,1.09,10.09,0,2.37
Karlos Williams,BUF,RB,$0.00 ,11,0,0,0,47,0.64,1,8.73,0.18,11.66
Nick O'Leary,BUF,TE,$0.00 ,3,0,0,0,0,0,0.33,12.33,0,1.57
DeVante Parker,MIA,WR,$0.00 ,8,0,0,0,0,0,3.25,61.75,0.38,12.05
Jay Ajayi,MIA,RB,$0.00 ,9,0,0,0,20.78,0.11,0.78,10,0,5.08
Chris Harper,NEP,WR,$0.00 ,3,0,0,0,0,0,0.33,2,0,0.2
Devin Smith,NYJ,WR,$0.00 ,7,0,0,0,0,0,1.29,16.43,0.14,4.07
Khari Lee,CHI,TE,$0.00 ,3,0,0,0,0,0,0.33,2.33,0,0.57
Chandler Worthy,NYJ,WR,$0.00 ,3,0,0,0,0,0,1,4.67,0,1.47
Keith Mumphery,HOU,WR,$0.00 ,8,0,0,0,0,0,1.75,16.13,0,3.74
Jaelen Strong,HOU,WR,$0.00 ,11,0,0,0,0,0,1.36,16.18,0.27,4.89
Tyler Varga,IND,RB,$0.00 ,2,0,0,0,1,0,0.5,9,0,1.5
Josh Robinson,IND,RB,$0.00 ,5,0,0,0,7.8,0,1.2,6.6,0,2.44
Phillip Dorsett,IND,WR,$0.00 ,11,0,0,0,1.55,0,1.64,20.45,0.09,4.56
Corey Grant,JAC,RB,$0.00 ,5,0,0,0,0.4,0,0.4,2.6,0,0.5
Rashad Greene,JAC,WR,$0.00 ,9,0,0,0,0,0,2.11,10.33,0.22,5.14
T.J. Yeldon,JAC,RB,$0.00 ,12,0,0,0,61.67,0.17,3,23.25,0.08,13.49
Dorial Green-Beckham,TEN,WR,$0.00 ,14,0,0,0,0,0,2.29,39.21,0.29,8.28
Tre McBride,TEN,WR,$0.00 ,2,0,0,0,4,0,1,4,0.5,4.8
Andrew Turzilli,TEN,WR,$0.00 ,1,0,0,0,0,0,2,25,0,4.5
Jalston Fowler,TEN,RB,$0.00 ,7,0,0,0,1.86,0.14,0.71,6.29,0.14,3.24
David Cobb,TEN,RB,$0.00 ,7,0,0,0,20.86,0.14,0.14,-0.29,0,3.49
Marcus Mariota,TEN,QB,$0.00 ,12,234.83,1.58,0.83,21,0.17,0.08,3.42,0.08,19.42
Geoff Swaim,DAL,TE,$0.00 ,1,0,0,0,0,0,1,0,0,1
Lucky Whitehead,DAL,WR,$0.00 ,10,0,0,0,10.7,0,0.6,1.6,0,2.03
Ben Edwards,NYG,WR,$0.00 ,1,0,0,0,0,0,1,9,0,1.9
Akeem Hunt,HOU,RB,$0.00 ,8,0,0,0,12,0,0.75,4.88,0,2.44
Geremy Davis,NYG,WR,$0.00 ,3,0,0,0,0,0,0.67,7,0,1.37
Will Tye,NYG,TE,$0.00 ,13,0,0,0,0,0,3.23,35.69,0.23,8.34
Raheem Mostert,CLE,RB,$0.00 ,1,0,0,0,0,0,0,0,0,-1
Nelson Agholor,PHI,WR,$0.00 ,13,0,0,0,0,0,1.77,21.77,0.08,4.56
Jamison Crowder,WAS,WR,$0.00 ,17,0,0,0,0.12,0,3.65,36.41,0.12,8.36
Trey Williams,IND,RB,$0.00 ,1,0,0,0,12,0,0,0,0,1.2
Matt Jones,WAS,RB,$0.00 ,13,0,0,0,37.69,0.23,1.46,23.38,0.08,9.57
Terron Ward,ATL,RB,$0.00 ,10,0,0,0,9.5,0.1,0.9,7.3,0,3.18
Justin Hardy,ATL,WR,$0.00 ,9,0,0,0,0,0,2.33,21.56,0,4.82
Tevin Coleman,ATL,RB,$0.00 ,12,0,0,0,32.67,0.08,0.17,1.17,0,4.05
Devin Funchess,CAR,WR,$0.00 ,18,0,0,0,0,0,1.89,28.11,0.33,6.81
Cameron Artis-Payne,CAR,RB,$0.00 ,7,0,0,0,27.14,0.14,0.86,8.43,0,5.7
Marcus Murphy,NOS,RB,$0.00 ,3,0,0,0,0,0,0,0,0,1.67
Donteea Dye,TBB,WR,$0.00 ,9,0,0,0,0,0,1.22,14.67,0.11,3.69
Kaelin Clay,BAL,WR,$0.00 ,1,0,0,0,0,0,0,0,0,6
Joey Iosefa,NEP,RB,$0.00 ,2,0,0,0,25.5,0,0,0,0,2.55
Adam Humphries,TBB,WR,$0.00 ,11,0,0,0,0,0,2.45,23.64,0.09,5.64
Jameis Winston,TBB,QB,$0.00 ,16,252.75,1.38,0.94,13.31,0.38,0,0,0,18.63
Trevor Siemian,DEN,QB,$0.00 ,1,0,0,0,-1,0,0,0,0,-0.1
James O'Shaughnessy,KCC,TE,$0.00 ,5,0,0,0,0,0,1.2,17.4,0,2.94
Chris Conley,KCC,WR,$0.00 ,11,0,0,0,0,0,2.09,21.91,0.18,5.65
Amari Cooper,OAK,WR,$0.00 ,16,0,0,0,-0.19,0,4.5,66.88,0.38,13.54
Clive Walford,OAK,TE,$0.00 ,15,0,0,0,0,0,1.87,21.93,0.2,5.46
Tyrell Williams,SDC,WR,$0.00 ,2,0,0,0,0,0,1,45,0.5,8.5
Brian Parker,KCC,TE,$0.00 ,2,0,0,0,0,0,0.5,3,0,0.8
Melvin Gordon,SDC,RB,$0.00 ,14,0,0,0,45.79,0,2.36,13.71,0,8.45
David Johnson,ARI,RB,$0.00 ,18,0,0,0,37.56,0.5,2.83,31.56,0.22,14.69
J.J. Nelson,ARI,WR,$0.00 ,11,0,0,0,0,0,1.27,30.18,0.18,5.75
Todd Gurley,STL,RB,$0.00 ,13,0,0,0,85.23,0.77,1.62,14.46,0,16.58
Sean Mannion,STL,QB,$0.00 ,1,31,0,0,0,0,0,0,0,1.24
Malcolm Brown,STL,RB,$0.00 ,1,0,0,0,17,0,1,-2,0,2.5
Bradley Marquez,STL,WR,$0.00 ,9,0,0,0,0,0,1.44,9.78,0,2.42
Blake Bell,SFO,TE,$0.00 ,9,0,0,0,0,0,1.67,20.67,0,4.07
Mike Davis,SFO,RB,$0.00 ,5,0,0,0,11.6,0,1.4,7.6,0,3.32
DeAndrew White,SFO,WR,$0.00 ,1,0,0,0,0,0,2,18,0,3.8
Rod Smith,DAL,RB,$0.00 ,3,0,0,0,1.67,0,0.33,2,0,0.7
Kasen Williams,SEA,WR,$0.00 ,1,0,0,0,5,0,1,8,0,2.3
Tyler Lockett,SEA,WR,$0.00 ,18,0,0,0,1.11,0,3.06,43,0.39,10.58
Thomas Rawls,SEA,RB,$0.00 ,12,0,0,0,69.17,0.33,0.75,6.33,0.08,10.97
Roosevelt Nix,PIT,RB,$0.00 ,3,0,0,0,0,0,0.67,5.33,0,1.2
Michael Williams,NEP,TE,$0.00 ,5,0,0,0,0,0,0.6,5.2,0,1.12
Matt LaCosse,NYG,TE,$0.00 ,1,0,0,0,0,0,3,22,0,5.2
