QB,RB,RB,WR,WR,WR,TE,FLEX,DST
Deshaun Watson ,Dalvin Cook ,LeSean McCoy ,Larry Fitzgerald ,Adam Thielen ,DeAndre Hopkins ,Jack Doyle ,Javorius Allen ,Jacksonville Jaguars 

Deshaun Watson ,Javorius Allen ,Ezekiel Elliott ,Marqise Lee ,DeAndre Hopkins ,Adam Thielen ,Jack Doyle ,LeSean McCoy ,Cincinnati Bengals 

Deshaun Watson ,Javorius Allen ,C.J. Anderson ,Dez Bryant ,DeAndre Hopkins ,Larry Fitzgerald ,Jack Doyle ,LeSean McCoy ,Jacksonville Jaguars 

Trevor Siemian ,Javorius Allen ,C.J. Anderson ,Dez Bryant ,DeAndre Hopkins ,Larry Fitzgerald ,Jack Doyle ,LeSean McCoy ,Jacksonville Jaguars 

Trevor Siemian ,C.J. Anderson ,Javorius Allen ,Jarvis Landry ,DeAndre Hopkins ,Larry Fitzgerald ,Jack Doyle ,LeSean McCoy ,Jacksonville Jaguars 

Deshaun Watson ,Javorius Allen ,LeSean McCoy ,DeAndre Hopkins ,Adam Thielen ,Larry Fitzgerald ,Jack Doyle ,Dez Bryant ,Jacksonville Jaguars 

Deshaun Watson ,Chris Carson ,Javorius Allen ,DeAndre Hopkins ,Larry Fitzgerald ,Doug Baldwin ,Jack Doyle ,LeSean McCoy ,Jacksonville Jaguars 

Dak Prescott ,Javorius Allen ,Leonard Fournette ,DeAndre Hopkins ,Larry Fitzgerald ,Marqise Lee ,Jack Doyle ,LeSean McCoy ,Jacksonville Jaguars 

Trevor Siemian ,C.J. Anderson ,LeSean McCoy ,DeAndre Hopkins ,Larry Fitzgerald ,Golden Tate ,Jack Doyle ,Javorius Allen ,Jacksonville Jaguars 

Tyrod Taylor ,Javorius Allen ,C.J. Anderson ,Larry Fitzgerald ,Dez Bryant ,DeAndre Hopkins ,Jack Doyle ,LeSean McCoy ,Jacksonville Jaguars 
