"Id","Position","First Name","Nickname","Last Name","FPPG","Played","Salary","Game","Team","Opponent","Injury Indicator","Injury Details","",""
"21030-6498","QB","Tom","Tom Brady","Brady","20.729999542236328","2","9400","HOU@NE","NE","HOU","","","",""
"21030-6894","QB","Aaron","Aaron Rodgers","Rodgers","18.530000686645508","2","9300","CIN@GB","GB","CIN","","","",""
"21030-14190","WR","Julio","Julio Jones","Jones","10.949999809265137","2","9300","ATL@DET","ATL","DET","","","",""
"21030-11612","WR","Antonio","Antonio Brown","Brown","16.200000762939453","2","9000","PIT@CHI","PIT","CHI","","","",""
"21030-31360","WR","Odell","Odell Beckham Jr.","Beckham Jr.","5.599999904632568","1","8800","NYG@PHI","NYG","PHI","Q","Ankle","",""
"21030-28181","RB","Le'Veon","Le'Veon Bell","Bell","8.649999618530273","2","8700","PIT@CHI","PIT","CHI","","","",""
"21030-32384","WR","Mike","Mike Evans","Evans","18.799999237060547","1","8600","TB@MIN","TB","MIN","","","",""
"21030-6616","QB","Matt","Matt Ryan","Ryan","16.40999984741211","2","8500","ATL@DET","ATL","DET","","","",""
"21030-11460","TE","Rob","Rob Gronkowski","Gronkowski","12.449999809265137","2","8400","HOU@NE","NE","HOU","Q","Groin","",""
"21030-6504","QB","Drew","Drew Brees","Brees","18.940000534057617","2","8400","NO@CAR","NO","CAR","","","",""
"21030-6893","WR","Jordy","Jordy Nelson","Nelson","17.399999618530273","1","8400","CIN@GB","GB","CIN","","","",""
"21030-45859","QB","Derek","Derek Carr","Carr","19.940000534057617","2","8400","OAK@WAS","OAK","WAS","","","",""
"21030-45229","RB","Kareem","Kareem Hunt","Hunt","33.75","2","8300","KC@LAC","KC","LAC","","","",""
"21030-24920","RB","Devonta","Devonta Freeman","Freeman","16.950000762939453","2","8200","ATL@DET","ATL","DET","","","",""
"21030-46882","RB","Jay","Jay Ajayi","Ajayi","13.600000381469727","1","8200","MIA@NYJ","MIA","NYJ","Q","Knee","",""
"21030-6779","RB","LeSean","LeSean McCoy","McCoy","12.850000381469727","2","8100","DEN@BUF","BUF","DEN","","","",""
"21030-14185","QB","Cam","Cam Newton","Newton","12.979999542236328","2","8100","NO@CAR","CAR","NO","Q","Ankle","",""
"21030-6589","QB","Ben","Ben Roethlisberger","Roethlisberger","17.1200008392334","2","8000","PIT@CHI","PIT","CHI","","","",""
"21030-6654","QB","Matthew","Matthew Stafford","Stafford","20.6299991607666","2","7900","ATL@DET","DET","ATL","","","",""
"21030-22015","QB","Russell","Russell Wilson","Wilson","11.819999694824219","2","7800","SEA@TEN","SEA","TEN","","","",""
"21030-9392","WR","Michael","Michael Crabtree","Crabtree","20.149999618530273","2","7700","OAK@WAS","OAK","WAS","","","",""
"21030-31001","WR","Amari","Amari Cooper","Cooper","10","2","7700","OAK@WAS","OAK","WAS","Q","Knee","",""
"21030-70324","QB","Carson","Carson Wentz","Wentz","22.850000381469727","2","7700","NYG@PHI","PHI","NYG","","","",""
"21030-28900","RB","Melvin","Melvin Gordon","Gordon","16.850000381469727","2","7600","KC@LAC","LAC","KC","","","",""
"21030-22038","QB","Kirk","Kirk Cousins","Cousins","11.729999542236328","2","7600","OAK@WAS","WAS","OAK","","","",""
"21030-16606","WR","DeAndre","DeAndre Hopkins","Hopkins","12.899999618530273","2","7500","HOU@NE","HOU","NE","","","",""
"21030-21939","QB","Andrew","Andrew Luck","Luck","21.380000813802084","15","7500","CLE@IND","IND","CLE","O","Shoulder - labrum","",""
"21030-21980","WR","Alshon","Alshon Jeffery","Jeffery","13","2","7500","NYG@PHI","PHI","NYG","","","",""
"21030-29358","QB","Marcus","Marcus Mariota","Mariota","16.420000076293945","2","7500","SEA@TEN","TEN","SEA","","","",""
"21030-7968","QB","Philip","Philip Rivers","Rivers","17.959999084472656","2","7500","KC@LAC","LAC","KC","","","",""
"21030-29501","WR","Brandin","Brandin Cooks","Cooks","7.800000190734863","2","7500","HOU@NE","NE","HOU","","","",""
"21030-14187","WR","A.J.","A.J. Green","Green","9.550000190734863","2","7500","CIN@GB","CIN","GB","","","",""
"21030-28573","WR","Michael","Michael Thomas","Thomas","9.199999809265137","2","7500","NO@CAR","NO","CAR","","","",""
"21030-11485","WR","Golden","Golden Tate","Tate","10.449999809265137","2","7400","ATL@DET","DET","ATL","","","",""
"21030-24849","QB","Jameis","Jameis Winston","Winston","12.460000038146973","1","7400","TB@MIN","TB","MIN","","","",""
"21030-14626","WR","Doug","Doug Baldwin","Baldwin","7.699999809265137","2","7400","SEA@TEN","SEA","TEN","","","",""
"21030-6898","QB","Jay","Jay Cutler","Cutler","13.100000381469727","1","7400","MIA@NYJ","MIA","NYJ","","","",""
"21030-28434","QB","Trevor","Trevor Siemian","Siemian","23.649999618530273","2","7400","DEN@BUF","DEN","BUF","","","",""
"21030-8005","QB","Alex","Alex Smith","Smith","23.579999923706055","2","7400","KC@LAC","KC","LAC","","","",""
"21030-53681","WR","Tyreek","Tyreek Hill","Hill","15.100000381469727","2","7300","KC@LAC","KC","LAC","","","",""
"21030-6826","QB","Eli","Eli Manning","Manning","10.130000114440918","2","7300","NYG@PHI","NYG","PHI","","","",""
"21030-29734","RB","Ty","Ty Montgomery","Montgomery","21.649999618530273","2","7200","CIN@GB","GB","CIN","","","",""
"21030-14377","QB","Tyrod","Tyrod Taylor","Taylor","15.130000114440918","2","7200","DEN@BUF","BUF","DEN","","","",""
"21030-29253","WR","Keenan","Keenan Allen","Allen","13.25","2","7200","KC@LAC","LAC","KC","","","",""
"21030-11432","WR","Demaryius","Demaryius Thomas","Thomas","9.649999618530273","2","7100","DEN@BUF","DEN","BUF","Q","Hamstring","",""
"21030-33076","TE","Travis","Travis Kelce","Kelce","13.600000381469727","2","7100","KC@LAC","KC","LAC","","","",""
"21030-11414","QB","Sam","Sam Bradford","Bradford","25.540000915527344","1","7000","TB@MIN","MIN","TB","Q","Knee","",""
"21030-54879","QB","Deshaun","Deshaun Watson","Watson","12.1899995803833","2","7000","HOU@NE","HOU","NE","","","",""
"21030-57537","QB","DeShone","DeShone Kizer","Kizer","12.229999542236328","2","6900","CLE@IND","CLE","IND","","","",""
"21030-11505","WR","Emmanuel","Emmanuel Sanders","Sanders","12.649999618530273","2","6900","DEN@BUF","DEN","BUF","","","",""
"21030-29249","RB","C.J.","C.J. Anderson","Anderson","19.100000381469727","2","6900","DEN@BUF","DEN","BUF","","","",""
"21030-15212","WR","Terrelle","Terrelle Pryor Sr.","Pryor Sr.","6.849999904632568","2","6900","OAK@WAS","WAS","OAK","","","",""
"21030-42142","RB","Jordan","Jordan Howard","Howard","7.400000095367432","2","6800","PIT@CHI","CHI","PIT","Q","Shoulder","",""
"21030-30237","RB","Mike","Mike Gillislee","Gillislee","17.700000762939453","2","6800","HOU@NE","NE","HOU","","","",""
"21030-31394","WR","Jarvis","Jarvis Landry","Landry","13.600000381469727","1","6800","MIA@NYJ","MIA","NYJ","Q","Knee","",""
"21030-55050","RB","Christian","Christian McCaffrey","McCaffrey","7.699999809265137","2","6800","NO@CAR","CAR","NO","","","",""
"21030-45889","WR","Davante","Davante Adams","Adams","13.050000190734863","2","6800","CIN@GB","GB","CIN","","","",""
"21030-14225","QB","Andy","Andy Dalton","Dalton","5.230000019073486","2","6800","CIN@GB","CIN","GB","","","",""
"21030-9371","RB","Marshawn","Marshawn Lynch","Lynch","10.550000190734863","2","6700","OAK@WAS","OAK","WAS","","","",""
"21030-22031","WR","T.Y.","T.Y. Hilton","Hilton","6.050000190734863","2","6700","CLE@IND","IND","CLE","","","",""
"21030-30298","TE","Jordan","Jordan Reed","Reed","6.949999809265137","2","6700","OAK@WAS","WAS","OAK","Q","Chest","",""
"21030-6759","WR","Brandon","Brandon Marshall","Marshall","1.850000023841858","2","6700","NYG@PHI","NYG","PHI","","","",""
"21030-14336","RB","Jacquizz","Jacquizz Rodgers","Rodgers","12.699999809265137","1","6600","TB@MIN","TB","MIN","","","",""
"21030-24929","WR","Kelvin","Kelvin Benjamin","Benjamin","6.849999904632568","2","6600","NO@CAR","CAR","NO","Q","Knee","",""
"21030-54684","RB","Isaiah","Isaiah Crowell","Crowell","6.650000095367432","2","6600","CLE@IND","CLE","IND","","","",""
"21030-62535","WR","Tyrell","Tyrell Williams","Williams","7.650000095367432","2","6500","KC@LAC","LAC","KC","","","",""
"21030-29780","TE","Zach","Zach Ertz","Ertz","12.75","2","6500","NYG@PHI","PHI","NYG","","","",""
"21030-24675","WR","Martavis","Martavis Bryant","Bryant","9.850000381469727","2","6500","PIT@CHI","PIT","CHI","","","",""
"21030-33260","WR","DeVante","DeVante Parker","Parker","10.5","1","6500","MIA@NYJ","MIA","NYJ","Q","Ankle","",""
"21030-25079","WR","Stefon","Stefon Diggs","Diggs","14.149999618530273","2","6500","TB@MIN","MIN","TB","","","",""
"21030-30231","QB","Jacoby","Jacoby Brissett","Brissett","5.940000057220459","2","6500","CLE@IND","IND","CLE","","","",""
"21030-6803","QB","Josh","Josh McCown","McCown","13.609999656677246","2","6500","MIA@NYJ","NYJ","MIA","","","",""
"21030-6863","TE","Delanie","Delanie Walker","Walker","12.649999618530273","2","6500","SEA@TEN","TEN","SEA","","","",""
"21030-54140","RB","Dalvin","Dalvin Cook","Cook","11.300000190734863","2","6500","TB@MIN","MIN","TB","","","",""
"21030-14254","RB","DeMarco","DeMarco Murray","Murray","5.150000095367432","2","6500","SEA@TEN","TEN","SEA","Q","Hamstring","",""
"21030-11512","TE","Jimmy","Jimmy Graham","Graham","1.4500000476837158","2","6400","SEA@TEN","SEA","TEN","Q","Ankle","",""
"21030-14704","WR","Chris","Chris Hogan","Hogan","9.649999618530273","2","6400","HOU@NE","NE","HOU","Q","Knee","",""
"21030-39280","RB","Derrick","Derrick Henry","Henry","8.850000381469727","2","6400","SEA@TEN","TEN","SEA","","","",""
"21030-6739","WR","DeSean","DeSean Jackson","Jackson","5.400000095367432","1","6400","TB@MIN","TB","MIN","","","",""
"21030-25410","QB","Mike","Mike Glennon","Glennon","12.279999732971191","2","6400","PIT@CHI","CHI","PIT","","","",""
"21030-14257","WR","Randall","Randall Cobb","Cobb","11.5","2","6400","CIN@GB","GB","CIN","Q","Chest","",""
"21030-6840","RB","Frank","Frank Gore","Gore","8.149999618530273","2","6300","CLE@IND","IND","CLE","","","",""
"21030-8117","WR","Danny","Danny Amendola","Amendola","13","1","6300","HOU@NE","NE","HOU","Q","Concussion","",""
"21030-30837","WR","Jordan","Jordan Matthews","Matthews","5.800000190734863","2","6200","DEN@BUF","BUF","DEN","","","",""
"21030-6733","RB","Jonathan","Jonathan Stewart","Stewart","9.600000381469727","2","6200","NO@CAR","CAR","NO","","","",""
"21030-22163","WR","Rishard","Rishard Matthews","Matthews","7.699999809265137","2","6200","SEA@TEN","TEN","SEA","","","",""
"21030-29715","QB","Kevin","Kevin Hogan","Hogan","8.220000267028809","1","6100","CLE@IND","CLE","IND","","","",""
"21030-22037","RB","Lamar","Lamar Miller","Miller","10.399999618530273","2","6100","HOU@NE","HOU","NE","","","",""
"21030-27229","RB","Ameer","Ameer Abdullah","Abdullah","7.099999904632568","2","6100","ATL@DET","DET","ATL","","","",""
"21030-27477","WR","Sterling","Sterling Shepard","Shepard","6.25","2","6100","NYG@PHI","NYG","PHI","","","",""
"21030-14344","QB","T.J.","T.J. Yates","Yates","0","0","6000","DEN@BUF","BUF","DEN","","","",""
"21030-24607","QB","Chad","Chad Kelly","Kelly","0","0","6000","DEN@BUF","DEN","BUF","O","Wrist","",""
"21030-30761","QB","Nathan","Nathan Peterman","Peterman","0","0","6000","DEN@BUF","BUF","DEN","","","",""
"21030-31798","QB","Bryce","Bryce Petty","Petty","6.543333053588867","6","6000","MIA@NYJ","NYJ","MIA","","","",""
"21030-30788","QB","Tyler","Tyler Bray","Bray","0","0","6000","KC@LAC","KC","LAC","","","",""
"21030-53331","QB","Taylor","Taylor Heinicke","Heinicke","0","0","6000","TB@MIN","MIN","TB","","","",""
"21030-57439","QB","Patrick","Patrick Mahomes II","Mahomes II","0","0","6000","KC@LAC","KC","LAC","","","",""
"21030-29915","QB","Brett","Brett Hundley","Hundley","-0.12999999523162842","4","6000","CIN@GB","GB","CIN","","","",""
"21030-6373","QB","Derek","Derek Anderson","Anderson","5.380000114440918","4","6000","NO@CAR","CAR","NO","","","",""
"21030-11500","QB","Colt","Colt McCoy","McCoy","0","0","6000","OAK@WAS","WAS","OAK","","","",""
"21030-22848","QB","Austin","Austin Davis","Davis","0","0","6000","SEA@TEN","SEA","TEN","","","",""
"21030-31047","QB","AJ","AJ McCarron","McCarron","0","0","6000","CIN@GB","CIN","GB","","","",""
"21030-54604","QB","Jimmy","Jimmy Garoppolo","Garoppolo","5.913333257039388","6","6000","HOU@NE","NE","HOU","","","",""
"21030-27982","QB","Jake","Jake Rudock","Rudock","0","0","6000","ATL@DET","DET","ATL","","","",""
"21030-11615","QB","Joe","Joe Webb","Webb","0.11428571598870414","7","6000","DEN@BUF","BUF","DEN","","","",""
"21030-14696","QB","Scott","Scott Tolzien","Tolzien","3.319999933242798","1","6000","CLE@IND","IND","CLE","","","",""
"21030-25969","QB","Tom","Tom Savage","Savage","-1.5199999809265137","1","6000","HOU@NE","HOU","NE","","","",""
"21030-24949","QB","EJ","EJ Manuel","Manuel","1.4880000114440919","5","6000","OAK@WAS","OAK","WAS","","","",""
"21030-22994","QB","Case","Case Keenum","Keenum","6.679999828338623","1","6000","TB@MIN","MIN","TB","","","",""
"21030-40407","QB","Joshua","Joshua Dobbs","Dobbs","0","0","6000","PIT@CHI","PIT","CHI","","","",""
"21030-21994","QB","Brock","Brock Osweiler","Osweiler","12.298666381835938","15","6000","DEN@BUF","DEN","BUF","","","",""
"21030-7659","QB","Ryan","Ryan Fitzpatrick","Fitzpatrick","-0.20000000298023224","1","6000","TB@MIN","TB","MIN","","","",""
"21030-33259","QB","Teddy","Teddy Bridgewater","Bridgewater","0","0","6000","TB@MIN","MIN","TB","NA","Knee","",""
"21030-45565","QB","Taysom","Taysom Hill","Hill","0","0","6000","NO@CAR","NO","CAR","","","",""
"21030-28163","QB","Connor","Connor Cook","Cook","7","1","6000","OAK@WAS","OAK","WAS","","","",""
"21030-22027","QB","Nick","Nick Foles","Foles","14","2","6000","NYG@PHI","PHI","NYG","","","",""
"21030-6679","QB","Matt","Matt Schaub","Schaub","0.14666666587193808","3","6000","ATL@DET","ATL","DET","","","",""
"21030-6687","QB","Mark","Mark Sanchez","Sanchez","0.7599999904632568","2","6000","PIT@CHI","CHI","PIT","Q","Neck","",""
"21030-23075","QB","Alex","Alex Tanney","Tanney","0","0","6000","SEA@TEN","TEN","SEA","IR","Foot","",""
"21030-30253","QB","Jeff","Jeff Driskel","Driskel","0","0","6000","CIN@GB","CIN","GB","IR","Thumb","",""
"21030-7778","QB","Matt","Matt Cassel","Cassel","4.414999961853027","4","6000","SEA@TEN","TEN","SEA","","","",""
"21030-8803","QB","Chase","Chase Daniel","Daniel","0.6399999856948853","1","6000","NO@CAR","NO","CAR","","","",""
"21030-64119","RB","Chris","Chris Carson","Carson","7.949999809265137","2","6000","SEA@TEN","SEA","TEN","","","",""
"21030-6808","QB","Matt","Matt Moore","Moore","14.4350004196167","4","6000","MIA@NYJ","MIA","NYJ","","","",""
"21030-33463","QB","Paxton","Paxton Lynch","Lynch","9.793333053588867","3","6000","DEN@BUF","DEN","BUF","O","Shoulder","",""
"21030-38628","QB","Mitchell","Mitchell Trubisky","Trubisky","0","0","6000","PIT@CHI","CHI","PIT","","","",""
"21030-7919","QB","Kellen","Kellen Clemens","Clemens","-0.10000000149011612","1","6000","KC@LAC","LAC","KC","","","",""
"21030-6914","TE","Greg","Greg Olsen","Olsen","2.1500000953674316","2","6000","NO@CAR","CAR","NO","IR","Foot","",""
"21030-41732","QB","Christian","Christian Hackenberg","Hackenberg","0","0","6000","MIA@NYJ","NYJ","MIA","","","",""
"21030-27405","QB","Landry","Landry Jones","Jones","5.131428309849331","7","6000","PIT@CHI","PIT","CHI","","","",""
"21030-39716","WR","Adam","Adam Thielen","Thielen","12.550000190734863","2","6000","TB@MIN","MIN","TB","","","",""
"21030-28515","QB","Cardale","Cardale Jones","Jones","2.740000009536743","1","6000","KC@LAC","LAC","KC","","","",""
"21030-55140","QB","Brad","Brad Kaaya","Kaaya","0","0","6000","NO@CAR","CAR","NO","","","",""
"21030-33647","QB","Kyle","Kyle Sloter","Sloter","0","0","6000","TB@MIN","MIN","TB","","","",""
"21030-26483","QB","Geno","Geno Smith","Smith","4.46999979019165","2","6000","NYG@PHI","NYG","PHI","","","",""
"21030-39795","QB","Davis","Davis Webb","Webb","0","0","6000","NYG@PHI","NYG","PHI","","","",""
"21030-29587","QB","Cody","Cody Kessler","Kessler","8.777777777777779","9","6000","CLE@IND","CLE","IND","","","",""
"21030-33702","QB","Ryan","Ryan Griffin","Griffin","0","0","6000","TB@MIN","TB","MIN","IR","Shoulder","",""
"21030-30640","QB","Connor","Connor Shaw","Shaw","0","0","6000","PIT@CHI","CHI","PIT","","","",""
"21030-14320","RB","Bilal","Bilal Powell","Powell","3.8499999046325684","2","6000","MIA@NYJ","NYJ","MIA","","","",""
"21030-29866","RB","Paul","Paul Perkins","Perkins","3.3499999046325684","2","5900","NYG@PHI","NYG","PHI","","","",""
"21030-11501","WR","Eric","Eric Decker","Decker","3.5999999046325684","2","5900","SEA@TEN","TEN","SEA","","","",""
"21030-22103","WR","Marvin","Marvin Jones Jr.","Jones Jr.","9.949999809265137","2","5900","ATL@DET","DET","ATL","","","",""
"21030-54244","WR","Kenny","Kenny Golladay","Golladay","11.100000381469727","2","5900","ATL@DET","DET","ATL","","","",""
"21030-27050","WR","Tyler","Tyler Lockett","Lockett","5.349999904632568","2","5800","SEA@TEN","SEA","TEN","","","",""
"21030-6627","WR","Ted","Ted Ginn Jr.","Ginn Jr.","5.849999904632568","2","5800","NO@CAR","NO","CAR","","","",""
"21030-22219","WR","Jermaine","Jermaine Kearse","Kearse","14.899999618530273","2","5800","MIA@NYJ","NYJ","MIA","","","",""
"21030-14211","RB","Mark","Mark Ingram","Ingram","9.600000381469727","2","5800","NO@CAR","NO","CAR","","","",""
"21030-24755","WR","Jamison","Jamison Crowder","Crowder","3.799999952316284","2","5700","OAK@WAS","WAS","OAK","","","",""
"21030-25837","RB","Duke","Duke Johnson Jr.","Johnson Jr.","6.25","2","5700","CLE@IND","CLE","IND","","","",""
"21030-21971","TE","Coby","Coby Fleener","Fleener","12.350000381469727","2","5700","NO@CAR","NO","CAR","","","",""
"21030-79974","RB","Tarik","Tarik Cohen","Cohen","15.050000190734863","2","5600","PIT@CHI","CHI","PIT","","","",""
"21030-52451","RB","Samaje","Samaje Perine","Perine","7.199999809265137","1","5600","OAK@WAS","WAS","OAK","","","",""
"21030-28930","RB","James","James White","White","10.949999809265137","2","5600","HOU@NE","NE","HOU","","","",""
"21030-6448","TE","Martellus","Martellus Bennett","Bennett","6.5","2","5600","CIN@GB","GB","CIN","","","",""
"21030-24891","RB","Chris","Chris Thompson","Thompson","18.850000381469727","2","5600","OAK@WAS","WAS","OAK","","","",""
"21030-21957","WR","Kendall","Kendall Wright","Wright","7.650000095367432","2","5600","PIT@CHI","CHI","PIT","Q","Shoulder","",""
"21030-22004","TE","Dwayne","Dwayne Allen","Allen","0","2","5600","HOU@NE","NE","HOU","","","",""
"21030-33465","RB","Theo","Theo Riddick","Riddick","8.399999618530273","2","5600","ATL@DET","DET","ATL","","","",""
"21030-33766","RB","Rob","Rob Kelley","Kelley","5.400000095367432","2","5600","OAK@WAS","WAS","OAK","Q","Ribs","",""
"21030-31732","WR","Corey","Corey Coleman","Coleman","7.599999904632568","2","5600","CLE@IND","CLE","IND","IR","Hand","",""
"21030-31871","RB","Charles","Charles Sims","Sims","-0.10000000149011612","1","5500","TB@MIN","TB","MIN","","","",""
"21030-27776","RB","Tevin","Tevin Coleman","Coleman","9.649999618530273","2","5500","ATL@DET","ATL","DET","","","",""
"21030-26094","WR","Brandon","Brandon Coleman","Coleman","9.25","2","5500","NO@CAR","NO","CAR","","","",""
"21030-11779","RB","LeGarrette","LeGarrette Blount","Blount","5.849999904632568","2","5500","NYG@PHI","PHI","NYG","","","",""
"21030-6703","RB","Adrian","Adrian Peterson","Peterson","2.200000047683716","2","5500","NO@CAR","NO","CAR","","","",""
"21030-45631","RB","Jamaal","Jamaal Williams","Williams","1.25","2","5500","CIN@GB","GB","CIN","","","",""
"21030-25290","RB","Giovani","Giovani Bernard","Bernard","6","2","5500","CIN@GB","CIN","GB","","","",""
"21030-6899","RB","Matt","Matt Forte","Forte","7.849999904632568","2","5500","MIA@NYJ","NYJ","MIA","","","",""
"21030-33557","TE","Tyler","Tyler Eifert","Eifert","3.299999952316284","2","5500","CIN@GB","CIN","GB","Q","Knee","",""
"21030-40845","TE","Hunter","Hunter Henry","Henry","11.5","1","5500","KC@LAC","LAC","KC","","","",""
"21030-40126","TE","Austin","Austin Hooper","Hooper","10.75","2","5400","ATL@DET","ATL","DET","","","",""
"21030-45439","WR","Corey","Corey Davis","Davis","5.400000095367432","2","5400","SEA@TEN","TEN","SEA","O","Hamstring","",""
"21030-6535","WR","Kenny","Kenny Britt","Britt","1.25","2","5400","CLE@IND","CLE","IND","","","",""
"21030-28095","RB","Thomas","Thomas Rawls","Rawls","0.4000000059604645","1","5400","SEA@TEN","SEA","TEN","","","",""
"21030-22018","WR","Mohamed","Mohamed Sanu","Sanu","9.350000381469727","2","5400","ATL@DET","ATL","DET","","","",""
"21030-27338","RB","Rex","Rex Burkhead","Burkhead","7.349999904632568","2","5400","HOU@NE","NE","HOU","Q","Ribs","",""
"21030-31561","WR","Donte","Donte Moncrief","Moncrief","4.150000095367432","2","5400","CLE@IND","IND","CLE","","","",""
"21030-14237","TE","Kyle","Kyle Rudolph","Rudolph","8.300000190734863","2","5400","TB@MIN","MIN","TB","","","",""
"21030-29683","WR","Nelson","Nelson Agholor","Agholor","12.5","2","5400","NYG@PHI","PHI","NYG","","","",""
"21030-28694","TE","Jesse","Jesse James","James","11.899999618530273","2","5300","PIT@CHI","PIT","CHI","Q","Ankle","",""
"21030-39859","TE","Jack","Jack Doyle","Doyle","8.5","2","5300","CLE@IND","IND","CLE","","","",""
"21030-14288","WR","Torrey","Torrey Smith","Smith","6.050000190734863","2","5300","NYG@PHI","PHI","NYG","","","",""
"21030-42104","RB","Alvin","Alvin Kamara","Kamara","6.349999904632568","2","5200","NO@CAR","NO","CAR","","","",""
"21030-25813","WR","Phillip","Phillip Dorsett","Dorsett","4.5","2","5200","HOU@NE","NE","HOU","Q","Knee","",""
"21030-7761","TE","Jared","Jared Cook","Cook","6.300000190734863","2","5200","OAK@WAS","OAK","WAS","Q","Shoulder","",""
"21030-26251","WR","Robby","Robby Anderson","Anderson","4","2","5200","MIA@NYJ","NYJ","MIA","Q","Knee","",""
"21030-25272","TE","Eric","Eric Ebron","Ebron","7.300000190734863","2","5200","ATL@DET","DET","ATL","","","",""
"21030-7900","K","Stephen","Stephen Gostkowski","Gostkowski","10.5","2","5200","HOU@NE","NE","HOU","","","",""
"21030-7972","RB","Darren","Darren Sproles","Sproles","6.900000095367432","2","5200","NYG@PHI","PHI","NYG","","","",""
"21030-14362","TE","Charles","Charles Clay","Clay","8.550000190734863","2","5100","DEN@BUF","BUF","DEN","Q","Knee","",""
"21030-52442","RB","Joe","Joe Mixon","Mixon","4.25","2","5100","CIN@GB","CIN","GB","","","",""
"21030-12531","D","Denver","Denver Broncos","Broncos","9","2","5100","DEN@BUF","DEN","BUF","","","",""
"21030-30968","RB","Eddie","Eddie Lacy","Lacy","0.30000001192092896","1","5100","SEA@TEN","SEA","TEN","","","",""
"21030-12539","D","Miami","Miami Dolphins","Dolphins","2","1","5100","MIA@NYJ","MIA","NYJ","","","",""
"21030-54687","RB","Charcandrick","Charcandrick West","West","9","1","5100","KC@LAC","KC","LAC","","","",""
"21030-54753","WR","Taylor","Taylor Gabriel","Gabriel","4.099999904632568","2","5100","ATL@DET","ATL","DET","","","",""
"21030-54782","TE","Cameron","Cameron Brate","Brate","3.4000000953674316","1","5100","TB@MIN","TB","MIN","","","",""
"21030-22035","WR","Travis","Travis Benjamin","Benjamin","6.699999809265137","2","5100","KC@LAC","LAC","KC","","","",""
"21030-6728","RB","Jamaal","Jamaal Charles","Charles","3.8499999046325684","2","5100","DEN@BUF","DEN","BUF","","","",""
"21030-31329","WR","Russell","Russell Shepard","Shepard","6.699999809265137","2","5100","NO@CAR","CAR","NO","","","",""
"21030-31397","RB","Jeremy","Jeremy Hill","Hill","2.6500000953674316","2","5100","CIN@GB","CIN","GB","","","",""
"21030-45791","WR","Rashard","Rashard Higgins","Higgins","13.399999618530273","1","5100","CLE@IND","CLE","IND","","","",""
"21030-27457","WR","Kenny","Kenny Stills","Stills","10.699999809265137","1","5100","MIA@NYJ","MIA","NYJ","","","",""
"21030-32613","RB","DeAndre","DeAndre Washington","Washington","4.099999904632568","2","5100","OAK@WAS","OAK","WAS","Q","Hamstring","",""
"21030-41872","TE","Evan","Evan Engram","Engram","9.649999618530273","2","5100","NYG@PHI","NYG","PHI","Q","Concussion","",""
"21030-14317","TE","Julius","Julius Thomas","Thomas","4.099999904632568","1","5100","MIA@NYJ","MIA","NYJ","","","",""
"21030-24671","WR","Adam","Adam Humphries","Humphries","2.799999952316284","1","5000","TB@MIN","TB","MIN","","","",""
"21030-12547","D","Pittsburgh","Pittsburgh Steelers","Steelers","13","2","5000","PIT@CHI","PIT","CHI","","","",""
"21030-27908","TE","C.J.","C.J. Fiedorowicz","Fiedorowicz","6.599999904632568","1","5000","HOU@NE","HOU","NE","IR","Concussion","",""
"21030-39286","TE","O.J.","O.J. Howard","Howard","2.200000047683716","1","5000","TB@MIN","TB","MIN","","","",""
"21030-54741","WR","Seth","Seth Roberts","Roberts","4.199999809265137","2","5000","OAK@WAS","OAK","WAS","","","",""
"21030-47640","RB","Branden","Branden Oliver","Oliver","2.049999952316284","2","5000","KC@LAC","LAC","KC","","","",""
"21030-34331","RB","Latavius","Latavius Murray","Murray","0.6000000238418579","2","5000","TB@MIN","MIN","TB","","","",""
"21030-22048","RB","Robert","Robert Turbin","Turbin","1.600000023841858","2","5000","CLE@IND","IND","CLE","","","",""
"21030-55987","WR","JuJu","JuJu Smith-Schuster","Smith-Schuster","4.550000190734863","2","5000","PIT@CHI","PIT","CHI","","","",""
"21030-33472","RB","C.J.","C.J. Prosise","Prosise","2.4000000953674316","2","5000","SEA@TEN","SEA","TEN","","","",""
"21030-40687","RB","James","James Conner","Conner","1","2","5000","PIT@CHI","PIT","CHI","","","",""
"21030-6897","K","Mason","Mason Crosby","Crosby","5.5","2","5000","CIN@GB","GB","CIN","","","",""
"21030-7965","TE","Antonio","Antonio Gates","Gates","5.400000095367432","2","5000","KC@LAC","LAC","KC","","","",""
"21030-33578","RB","Jalen","Jalen Richard","Richard","10.600000381469727","2","5000","OAK@WAS","OAK","WAS","","","",""
"21030-14349","WR","Jeremy","Jeremy Kerley","Kerley","2.9000000953674316","1","4900","MIA@NYJ","NYJ","MIA","","","",""
"21030-48344","WR","Albert","Albert Wilson","Wilson","4.900000095367432","2","4900","KC@LAC","KC","LAC","","","",""
"21030-12541","D","New England","New England Patriots","Patriots","1.5","2","4900","HOU@NE","NE","HOU","","","",""
"21030-12550","D","Seattle","Seattle Seahawks","Seahawks","7.5","2","4900","SEA@TEN","SEA","TEN","","","",""
"21030-10647","K","Matt","Matt Bryant","Bryant","13","2","4900","ATL@DET","ATL","DET","","","",""
"21030-33691","RB","Orleans","Orleans Darkwa","Darkwa","2.1500000953674316","2","4900","NYG@PHI","NYG","PHI","","","",""
"21030-26610","WR","Paul","Paul Richardson","Richardson","8.399999618530273","2","4900","SEA@TEN","SEA","TEN","","","",""
"21030-22765","K","Giorgio","Giorgio Tavecchio","Tavecchio","14","2","4800","OAK@WAS","OAK","WAS","","","",""
"21030-12533","D","Green Bay","Green Bay Packers","Packers","5.5","2","4800","CIN@GB","GB","CIN","","","",""
"21030-32058","K","Chris","Chris Boswell","Boswell","9.5","2","4800","PIT@CHI","PIT","CHI","","","",""
"21030-54608","RB","Jerick","Jerick McKinnon","McKinnon","4.599999904632568","2","4800","TB@MIN","MIN","TB","","","",""
"21030-54623","WR","Jeff","Jeff Janis","Janis","2.550000031789144","12","4800","CIN@GB","GB","CIN","","","",""
"21030-52613","WR","Curtis","Curtis Samuel","Samuel","1.7000000476837158","1","4800","NO@CAR","CAR","NO","","","",""
"21030-39305","TE","A.J.","A.J. Derby","Derby","2.450000047683716","2","4800","DEN@BUF","DEN","BUF","","","",""
"21030-28080","WR","Devin","Devin Funchess","Funchess","5.900000095367432","2","4800","NO@CAR","CAR","NO","","","",""
"21030-10744","K","Graham","Graham Gano","Gano","10","2","4800","NO@CAR","CAR","NO","","","",""
"21030-41475","WR","John","John Ross","Ross","-0.800000011920929","1","4800","CIN@GB","CIN","GB","Q","Illness","",""
"21030-31280","K","Cody","Cody Parkey","Parkey","15","1","4800","MIA@NYJ","MIA","NYJ","","","",""
"21030-30261","K","Caleb","Caleb Sturgis","Sturgis","13","1","4800","NYG@PHI","PHI","NYG","IR","Quadriceps","",""
"21030-57909","RB","Marlon","Marlon Mack","Mack","6.150000095367432","2","4800","CLE@IND","IND","CLE","Q","Shoulder","",""
"21030-14905","WR","Kamar","Kamar Aiken","Aiken","2.700000047683716","2","4800","CLE@IND","IND","CLE","Q","Hip","",""
"21030-38509","RB","Wendell","Wendell Smallwood","Smallwood","1","2","4800","NYG@PHI","PHI","NYG","","","",""
"21030-26247","K","Brandon","Brandon McManus","McManus","6","2","4800","DEN@BUF","DEN","BUF","","","",""
"21030-39580","RB","Devontae","Devontae Booker","Booker","7.949999809265137","16","4800","DEN@BUF","DEN","BUF","","","",""
"21030-30403","WR","Chris","Chris Conley","Conley","6.400000095367432","2","4800","KC@LAC","KC","LAC","","","",""
"21030-39649","RB","Benny","Benny Cunningham","Cunningham","0","1","4800","PIT@CHI","CHI","PIT","Q","Ankle","",""
"21030-8050","TE","Zach","Zach Miller","Miller","6.550000190734863","2","4800","PIT@CHI","CHI","PIT","","","",""
"21030-14245","RB","Shane","Shane Vereen","Vereen","8.300000190734863","2","4800","NYG@PHI","NYG","PHI","","","",""
"21030-14339","RB","Dion","Dion Lewis","Lewis","1.9500000476837158","2","4700","HOU@NE","NE","HOU","","","",""
"21030-30733","WR","Cordarrelle","Cordarrelle Patterson","Patterson","7","2","4700","OAK@WAS","OAK","WAS","","","",""
"21030-27771","WR","Cody","Cody Latimer","Latimer","1.600000023841858","2","4700","DEN@BUF","DEN","BUF","","","",""
"21030-62616","RB","Zach","Zach Zenner","Zenner","7.636363636363637","11","4700","ATL@DET","DET","ATL","","","",""
"21030-12536","D","Kansas City","Kansas City Chiefs","Chiefs","7","2","4700","KC@LAC","KC","LAC","","","",""
"21030-32045","TE","Vance","Vance McDonald","McDonald","0","1","4700","PIT@CHI","PIT","CHI","","","",""
"21030-29003","RB","Ka'Deem","Ka'Deem Carey","Carey","1.8727273074063389","11","4700","PIT@CHI","CHI","PIT","","","",""
"21030-33244","WR","Eli","Eli Rogers","Rogers","4.199999809265137","2","4700","PIT@CHI","PIT","CHI","","","",""
"21030-6642","K","Nick","Nick Folk","Folk","14","1","4700","TB@MIN","TB","MIN","","","",""
"21030-55830","RB","D'Onta","D'Onta Foreman","Foreman","2.200000047683716","2","4700","HOU@NE","HOU","NE","","","",""
"21030-22110","K","Blair","Blair Walsh","Walsh","8","2","4700","SEA@TEN","SEA","TEN","","","",""
"21030-6782","K","Matt","Matt Prater","Prater","7.5","2","4700","ATL@DET","DET","ATL","","","",""
"21030-6870","TE","Vernon","Vernon Davis","Davis","0.8999999761581421","2","4700","OAK@WAS","WAS","OAK","","","",""
"21030-7975","RB","Mike","Mike Tolbert","Tolbert","6.550000190734863","2","4700","DEN@BUF","BUF","DEN","","","",""
"21030-41806","WR","Laquon","Laquon Treadwell","Treadwell","3","2","4700","TB@MIN","MIN","TB","","","",""
"21030-28525","WR","Braxton","Braxton Miller","Miller","1","2","4700","HOU@NE","HOU","NE","","","",""
"21030-39829","WR","Mike","Mike Williams","Williams","0","0","4700","KC@LAC","LAC","KC","D","Back","",""
"21030-33714","K","Cairo","Cairo Santos","Santos","7.5","2","4700","KC@LAC","KC","LAC","","","",""
"21030-14394","TE","Virgil","Virgil Green","Green","6.5","2","4600","DEN@BUF","DEN","BUF","","","",""
"21030-9442","WR","Brandon","Brandon Tate","Tate","0","1","4600","DEN@BUF","BUF","DEN","","","",""
"21030-11495","WR","Brandon","Brandon LaFell","LaFell","4.449999809265137","2","4600","CIN@GB","CIN","GB","","","",""
"21030-12540","D","Minnesota","Minnesota Vikings","Vikings","2","2","4600","TB@MIN","MIN","TB","","","",""
"21030-48380","K","Wil","Wil Lutz","Lutz","11.5","2","4600","NO@CAR","NO","CAR","","","",""
"21030-12551","D","Tampa Bay","Tampa Bay Buccaneers","Buccaneers","19","1","4600","TB@MIN","TB","MIN","","","",""
"21030-30989","RB","Kenyan","Kenyan Drake","Drake","-0.30000001192092896","1","4600","MIA@NYJ","MIA","NYJ","","","",""
"21030-41235","K","Jake","Jake Elliott","Elliott","9","1","4600","NYG@PHI","PHI","NYG","","","",""
"21030-24912","K","Dustin","Dustin Hopkins","Hopkins","7.5","2","4600","OAK@WAS","WAS","OAK","","","",""
"21030-52560","WR","Geronimo","Geronimo Allison","Allison","3.9000000953674316","1","4600","CIN@GB","GB","CIN","","","",""
"21030-38269","RB","Cameron","Cameron Artis-Payne","Artis-Payne","9.333333333333334","3","4600","NO@CAR","CAR","NO","","","",""
"21030-47523","WR","Tajae","Tajae Sharpe","Sharpe","5.300000190734863","16","4600","SEA@TEN","TEN","SEA","IR","Foot","",""
"21030-14761","WR","Andre","Andre Holmes","Holmes","4.699999809265137","2","4600","DEN@BUF","BUF","DEN","","","",""
"21030-21999","WR","Rueben","Rueben Randle","Randle","0","0","4600","PIT@CHI","CHI","PIT","","","",""
"21030-40442","RB","Aaron","Aaron Jones","Jones","0","0","4600","CIN@GB","GB","CIN","","","",""
"21030-6668","K","Adam","Adam Vinatieri","Vinatieri","5.5","2","4600","CLE@IND","IND","CLE","","","",""
"21030-6724","K","Stephen","Stephen Hauschka","Hauschka","3.5","2","4600","DEN@BUF","BUF","DEN","","","",""
"21030-7784","WR","Darrius","Darrius Heyward-Bey","Heyward-Bey","5.485714503696987","7","4600","PIT@CHI","PIT","CHI","Q","Illness","",""
"21030-29314","TE","Richard","Richard Rodgers","Rodgers","3.200000047683716","1","4600","CIN@GB","GB","CIN","","","",""
"21030-29351","WR","De'Anthony","De'Anthony Thomas","Thomas","0.3499999940395355","2","4600","KC@LAC","KC","LAC","","","",""
"21030-31406","RB","Alfred","Alfred Blue","Blue","4","14","4600","HOU@NE","HOU","NE","Q","Ankle","",""
"21030-30428","WR","Malcolm","Malcolm Mitchell","Mitchell","6.674999872843425","12","4600","HOU@NE","NE","HOU","IR","Knee","",""
"21030-40669","WR","Tyler","Tyler Boyd","Boyd","1.600000023841858","1","4600","CIN@GB","CIN","GB","","","",""
"21030-32564","WR","Josh","Josh Doctson","Doctson","0","1","4600","OAK@WAS","WAS","OAK","","","",""
"21030-29500","WR","Markus","Markus Wheaton","Wheaton","5.033333460489909","3","4600","PIT@CHI","CHI","PIT","","","",""
"21030-15176","K","Kai","Kai Forbath","Forbath","8","2","4600","TB@MIN","MIN","TB","","","",""
"21030-24569","K","Chandler","Chandler Catanzaro","Catanzaro","9.5","2","4600","MIA@NYJ","NYJ","MIA","","","",""
"21030-14348","TE","Lee","Lee Smith","Smith","1.399999976158142","1","4500","OAK@WAS","OAK","WAS","","","",""
"21030-14355","TE","Niles","Niles Paul","Paul","1.850000023841858","2","4500","OAK@WAS","WAS","OAK","","","",""
"21030-14358","WR","Dwayne","Dwayne Harris","Harris","0","2","4500","NYG@PHI","NYG","PHI","","","",""
"21030-27671","WR","Jake","Jake Kumerow","Kumerow","0","0","4500","CIN@GB","CIN","GB","IR","Ankle","",""
"21030-27672","TE","Matt","Matt LaCosse","LaCosse","0","0","4500","NYG@PHI","NYG","PHI","","","",""
"21030-29725","TE","Levine","Levine Toilolo","Toilolo","0","1","4500","ATL@DET","ATL","DET","","","",""
"21030-14369","RB","Jordan","Jordan Todman","Todman","0.9916666348775228","12","4500","HOU@NE","HOU","NE","","","",""
"21030-56356","WR","Isaiah","Isaiah Ford","Ford","0","0","4500","MIA@NYJ","MIA","NYJ","IR","Knee - meniscus","",""
"21030-55335","TE","David","David Njoku","Njoku","6.599999904632568","2","4500","CLE@IND","CLE","IND","","","",""
"21030-27692","RB","Josh","Josh Ferguson","Ferguson","1.9692307985745943","13","4500","CLE@IND","IND","CLE","","","",""
"21030-42028","WR","Will","Will Fuller V","Fuller V","7.478571210588727","14","4500","HOU@NE","HOU","NE","O","Shoulder","",""
"21030-24621","WR","Charone","Charone Peake","Peake","0.800000011920929","1","4500","MIA@NYJ","NYJ","MIA","","","",""
"21030-62515","TE","Neal","Neal Sterling","Sterling","1.2999999523162842","1","4500","MIA@NYJ","NYJ","MIA","Q","Knee","",""
"21030-30775","WR","Justin","Justin Hunter","Hunter","5.322222391764323","9","4500","PIT@CHI","PIT","CHI","","","",""
"21030-62519","WR","Tre","Tre McBride","McBride","0","0","4500","PIT@CHI","CHI","PIT","","","",""
"21030-44103","RB","Elijah","Elijah McGuire","McGuire","4.099999904632568","1","4500","MIA@NYJ","NYJ","MIA","","","",""
"21030-7244","RB","John","John Kuhn","Kuhn","0.20000000298023224","1","4500","NO@CAR","NO","CAR","","","",""
"21030-79967","TE","Adam","Adam Shaheen","Shaheen","0","0","4500","PIT@CHI","CHI","PIT","","","",""
"21030-29805","TE","Ryan","Ryan Hewitt","Hewitt","1.149999976158142","2","4500","CIN@GB","CIN","GB","","","",""
"21030-79980","TE","Eric","Eric Saubert","Saubert","0","0","4500","ATL@DET","ATL","DET","","","",""
"21030-79983","RB","De'Angelo","De'Angelo Henderson","Henderson","0","0","4500","DEN@BUF","DEN","BUF","","","",""
"21030-42095","WR","ArDarius","ArDarius Stewart","Stewart","2","1","4500","MIA@NYJ","NYJ","MIA","","","",""
"21030-80001","RB","Austin","Austin Ekeler","Ekeler","1.399999976158142","2","4500","KC@LAC","LAC","KC","","","",""
"21030-31874","RB","Kenneth","Kenneth Farrow","Farrow","3.0700000762939452","10","4500","KC@LAC","LAC","KC","IR","Ankle","",""
"21030-80011","TE","Antony","Antony Auclair","Auclair","0","0","4500","TB@MIN","TB","MIN","","","",""
"21030-28815","RB","Akeem","Akeem Hunt","Hunt","0","1","4500","KC@LAC","KC","LAC","","","",""
"21030-62617","TE","Khari","Khari Lee","Lee","0","1","4500","DEN@BUF","BUF","DEN","","","",""
"21030-46244","RB","Donnel","Donnel Pumphrey","Pumphrey","0","0","4500","NYG@PHI","PHI","NYG","IR","Hamstring","",""
"21030-25775","TE","Clive","Clive Walford","Walford","1.2000000476837158","1","4500","OAK@WAS","OAK","WAS","","","",""
"21030-25783","RB","Mike","Mike James","James","2.0333333015441895","3","4500","ATL@DET","DET","ATL","IR","Concussion","",""
"21030-52410","WR","Josh","Josh Malone","Malone","0","0","4500","CIN@GB","CIN","GB","","","",""
"21030-25789","WR","Rashawn","Rashawn Scott","Scott","0","0","4500","MIA@NYJ","MIA","NYJ","NA","Foot","",""
"21030-32957","TE","Eric","Eric Tomlinson","Tomlinson","3.5","1","4500","MIA@NYJ","NYJ","MIA","Q","Ankle","",""
"21030-9409","TE","Clark","Clark Harris","Harris","0","0","4500","CIN@GB","CIN","GB","","","",""
"21030-41155","RB","Taquan","Taquan Mizzell","Mizzell","0","0","4500","PIT@CHI","CHI","PIT","","","",""
"21030-41163","WR","Keeon","Keeon Johnson","Johnson","0","0","4500","NYG@PHI","NYG","PHI","IR","Foot","",""
"21030-28890","RB","Derek","Derek Watt","Watt","0","1","4500","KC@LAC","LAC","KC","","","",""
"21030-11488","TE","Ed","Ed Dickson","Dickson","1.7999999523162842","2","4500","NO@CAR","CAR","NO","","","",""
"21030-25827","TE","Asante","Asante Cleveland","Cleveland","0","0","4500","KC@LAC","LAC","KC","IR","Undisclosed","",""
"21030-40164","WR","Shelton","Shelton Gibson","Gibson","0","0","4500","NYG@PHI","PHI","NYG","","","",""
"21030-40170","WR","Stacy","Stacy Coley","Coley","0","0","4500","TB@MIN","MIN","TB","","","",""
"21030-28907","WR","Alex","Alex Erickson","Erickson","4.199999809265137","2","4500","CIN@GB","CIN","GB","","","",""
"21030-29932","K","Ka'imi","Ka'imi Fairbairn","Fairbairn","4.5","2","4500","HOU@NE","HOU","NE","","","",""
"21030-12525","D","Atlanta","Atlanta Falcons","Falcons","9","2","4500","ATL@DET","ATL","DET","","","",""
"21030-11504","WR","Andre","Andre Roberts","Roberts","0","2","4500","ATL@DET","ATL","DET","","","",""
"21030-24817","TE","Nick","Nick O'Leary","O'Leary","2.700000047683716","1","4500","DEN@BUF","BUF","DEN","","","",""
"21030-45299","RB","David","David Fluellen","Fluellen","1.7999999523162842","1","4500","SEA@TEN","TEN","SEA","","","",""
"21030-33013","RB","Tion","Tion Green","Green","0","0","4500","ATL@DET","DET","ATL","","","",""
"21030-12535","D","Indianapolis","Indianapolis Colts","Colts","4.5","2","4500","CLE@IND","IND","CLE","","","",""
"21030-45307","WR","Rodney","Rodney Adams","Adams","0","0","4500","TB@MIN","MIN","TB","","","",""
"21030-62718","TE","Daniel","Daniel Brown","Brown","4.399999936421712","6","4500","PIT@CHI","CHI","PIT","","","",""
"21030-32000","TE","Luke","Luke Willson","Willson","2","2","4500","SEA@TEN","SEA","TEN","","","",""
"21030-12545","D","Philadelphia","Philadelphia Eagles","Eagles","13","2","4500","NYG@PHI","PHI","NYG","","","",""
"21030-28933","WR","Jared","Jared Abbrederis","Abbrederis","0.6499999761581421","2","4500","ATL@DET","DET","ATL","","","",""
"21030-33029","RB","George","George Winn","Winn","0","0","4500","CLE@IND","IND","CLE","IR","Undisclosed","",""
"21030-12553","D","Carolina","Carolina Panthers","Panthers","12.5","2","4500","NO@CAR","CAR","NO","","","",""
"21030-30990","RB","Jalston","Jalston Fowler","Fowler","6.300000190734863","1","4500","SEA@TEN","TEN","SEA","","","",""
"21030-24847","TE","Will","Will Tye","Tye","2.9000000953674316","2","4500","MIA@NYJ","NYJ","MIA","","","",""
"21030-22800","RB","Derrick","Derrick Coleman","Coleman","0","1","4500","ATL@DET","ATL","DET","","","",""
"21030-11543","TE","Clay","Clay Harbor","Harbor","1.7000000476837158","2","4500","NO@CAR","NO","CAR","IR","Undisclosed","",""
"21030-34071","WR","Nick","Nick Williams","Williams","4.199999809265137","2","4500","ATL@DET","ATL","DET","","","",""
"21030-45335","TE","Michael","Michael Roberts","Roberts","0","0","4500","ATL@DET","DET","ATL","","","",""
"21030-34073","TE","Ryan","Ryan Griffin","Griffin","0","1","4500","HOU@NE","HOU","NE","","","",""
"21030-6427","K","Connor","Connor Barth","Barth","4","2","4500","PIT@CHI","CHI","PIT","","","",""
"21030-53532","WR","Roger","Roger Lewis","Lewis","4.849999904632568","2","4500","NYG@PHI","NYG","PHI","","","",""
"21030-11556","TE","Michael","Michael Hoomanawanui","Hoomanawanui","1.2999999523162842","1","4500","NO@CAR","NO","CAR","","","",""
"21030-46374","WR","Tanner","Tanner Gentry","Gentry","3.700000047683716","1","4500","PIT@CHI","CHI","PIT","","","",""
"21030-29991","RB","Bishop","Bishop Sankey","Sankey","0","0","4500","TB@MIN","MIN","TB","IR","Knee - acl","",""
"21030-30004","WR","Kasen","Kasen Williams","Williams","0","1","4500","CLE@IND","CLE","IND","","","",""
"21030-14645","WR","Dontrelle","Dontrelle Inman","Inman","0","1","4500","KC@LAC","LAC","KC","","","",""
"21030-31036","WR","Kevin","Kevin Norwood","Norwood","0","0","4500","NYG@PHI","NYG","PHI","IR","Hip","",""
"21030-43334","RB","J.D.","J.D. McKissic","McKissic","2.799999952316284","1","4500","SEA@TEN","SEA","TEN","","","",""
"21030-32082","WR","Jordan","Jordan Taylor","Taylor","3.5363637750799004","11","4500","DEN@BUF","DEN","BUF","","","",""
"21030-55635","WR","Chris","Chris Godwin","Godwin","0","1","4500","TB@MIN","TB","MIN","","","",""
"21030-41305","WR","Zay","Zay Jones","Jones","2.700000047683716","2","4500","DEN@BUF","BUF","DEN","","","",""
"21030-14683","RB","Patrick","Patrick DiMarco","DiMarco","0.5","2","4500","DEN@BUF","BUF","DEN","","","",""
"21030-54621","WR","Walter","Walter Powell","Powell","3.028571537562779","7","4500","DEN@BUF","BUF","DEN","O","Suspension","",""
"21030-33137","WR","Justin","Justin Hardy","Hardy","2.4000000953674316","1","4500","ATL@DET","ATL","DET","","","",""
"21030-22898","RB","Brandon","Brandon Bolden","Bolden","0.9666666984558105","3","4500","HOU@NE","NE","HOU","","","",""
"21030-38264","WR","Demarcus","Demarcus Robinson","Robinson","0","0","4500","KC@LAC","KC","LAC","","","",""
"21030-37245","RB","Fozzy","Fozzy Whittaker","Whittaker","0.10000000149011612","1","4500","NO@CAR","CAR","NO","","","",""
"21030-43397","WR","Carlos","Carlos Henderson","Henderson","0","0","4500","DEN@BUF","DEN","BUF","IR","Thumb","",""
"21030-53639","WR","Isaiah","Isaiah McKenzie","McKenzie","0","2","4500","DEN@BUF","DEN","BUF","","","",""
"21030-54674","WR","Jeremy","Jeremy Butler","Butler","1.0499999523162842","2","4500","DEN@BUF","BUF","DEN","IR","Concussion","",""
"21030-28055","WR","Amara","Amara Darboh","Darboh","1.0499999523162842","2","4500","SEA@TEN","SEA","TEN","","","",""
"21030-41370","WR","Trevor","Trevor Davis","Davis","0.699999988079071","2","4500","CIN@GB","GB","CIN","","","",""
"21030-38301","TE","Darren","Darren Fells","Fells","0.800000011920929","1","4500","ATL@DET","DET","ATL","","","",""
"21030-28065","WR","Jehu","Jehu Chesson","Chesson","0","0","4500","KC@LAC","KC","LAC","","","",""
"21030-22959","WR","Deonte","Deonte Thompson","Thompson","7.849999904632568","2","4500","PIT@CHI","CHI","PIT","","","",""
"21030-26038","TE","Tyler","Tyler Kroft","Kroft","1","1","4500","CIN@GB","CIN","GB","","","",""
"21030-26045","WR","Leonte","Leonte Carroo","Carroo","2.0799999237060547","5","4500","MIA@NYJ","MIA","NYJ","","","",""
"21030-21952","WR","Michael","Michael Floyd","Floyd","6.9500002179827005","14","4500","TB@MIN","MIN","TB","O","Suspension","",""
"21030-31169","TE","Jeremy","Jeremy Sprinkle","Sprinkle","0","0","4500","OAK@WAS","WAS","OAK","","","",""
"21030-53697","WR","Kaelin","Kaelin Clay","Clay","0","1","4500","DEN@BUF","BUF","DEN","","","",""
"21030-26057","RB","Michael","Michael Burton","Burton","0.699999988079071","1","4500","PIT@CHI","CHI","PIT","","","",""
"21030-39369","K","Zane","Zane Gonzalez","Gonzalez","4","2","4500","CLE@IND","CLE","IND","","","",""
"21030-28106","RB","Joe","Joe Kerridge","Kerridge","0","1","4500","CIN@GB","GB","CIN","","","",""
"21030-21972","WR","Brian","Brian Quick","Quick","1.600000023841858","1","4500","OAK@WAS","WAS","OAK","","","",""
"21030-54742","TE","Scott","Scott Simonson","Simonson","0","0","4500","NO@CAR","CAR","NO","IR","Back","",""
"21030-23003","TE","Phillip","Phillip Supernaw","Supernaw","2.049999952316284","4","4500","SEA@TEN","TEN","SEA","","","",""
"21030-6622","WR","Eric","Eric Weems","Weems","0","1","4500","SEA@TEN","TEN","SEA","","","",""
"21030-15838","TE","Erik","Erik Swoope","Swoope","4.8000000847710504","9","4500","CLE@IND","IND","CLE","IR","Knee","",""
"21030-31207","TE","C.J.","C.J. Uzomah","Uzomah","5.237500190734863","8","4500","CIN@GB","CIN","GB","","","",""
"21030-32235","WR","Marcus","Marcus Johnson","Johnson","0","0","4500","NYG@PHI","PHI","NYG","","","",""
"21030-27117","TE","Sean","Sean Culkin","Culkin","0","0","4500","KC@LAC","LAC","KC","","","",""
"21030-28144","TE","Dion","Dion Sims","Sims","2.049999952316284","2","4500","PIT@CHI","CHI","PIT","","","",""
"21030-28157","WR","Bennie","Bennie Fowler","Fowler","8.449999809265137","2","4500","DEN@BUF","DEN","BUF","Q","Concussion","",""
"21030-41469","TE","Darrell","Darrell Daniels","Daniels","0","0","4500","CLE@IND","IND","CLE","","","",""
"21030-23046","RB","Jamize","Jamize Olawale","Olawale","3.953846271221454","13","4500","OAK@WAS","OAK","WAS","","","",""
"21030-31241","WR","Sammie","Sammie Coates","Coates","0","1","4500","CLE@IND","CLE","IND","Q","Hamstring","",""
"21030-16923","TE","Austin","Austin Seferian-Jenkins","Seferian-Jenkins","3.0999999576144748","9","4500","MIA@NYJ","NYJ","MIA","","","",""
"21030-40477","TE","Keith","Keith Towbridge","Towbridge","0","0","4500","DEN@BUF","BUF","DEN","IR","Undisclosed","",""
"21030-31263","WR","Ricardo","Ricardo Louis","Louis","3.950000047683716","2","4500","CLE@IND","CLE","IND","","","",""
"21030-30244","RB","Matt","Matt Jones","Jones","10.185714721679688","7","4500","CLE@IND","IND","CLE","","","",""
"21030-7718","RB","Cedric","Cedric Peerman","Peerman","1.5","1","4500","CIN@GB","CIN","GB","IR","Shoulder","",""
"21030-22054","WR","Jarius","Jarius Wright","Wright","2","2","4500","TB@MIN","MIN","TB","","","",""
"21030-33320","RB","Senorise","Senorise Perry","Perry","0","0","4500","MIA@NYJ","MIA","NYJ","","","",""
"21030-22065","TE","Rhett","Rhett Ellison","Ellison","2.25","2","4500","NYG@PHI","NYG","PHI","","","",""
"21030-62002","RB","Devante","Devante Mays","Mays","0","0","4500","CIN@GB","GB","CIN","","","",""
"21030-39492","TE","Josh","Josh Hill","Hill","4.400000095367432","1","4500","NO@CAR","NO","CAR","","","",""
"21030-12872","RB","James","James Develin","Develin","1.100000023841858","1","4500","HOU@NE","NE","HOU","","","",""
"21030-32331","RB","Tra","Tra Carson","Carson","0","0","4500","CIN@GB","CIN","GB","IR","Undisclosed","",""
"21030-31308","WR","Quan","Quan Bray","Bray","0","2","4500","CLE@IND","IND","CLE","","","",""
"21030-43599","TE","Andrew","Andrew Price","Price","0","0","4500","ATL@DET","DET","ATL","","","",""
"21030-54863","WR","C.J.","C.J. Goodwin","Goodwin","0","0","4500","ATL@DET","ATL","DET","","","",""
"21030-22100","K","Randy","Randy Bullock","Bullock","9","1","4500","CIN@GB","CIN","GB","","","",""
"21030-18009","TE","Chris","Chris Manhertz","Manhertz","1.5","1","4500","NO@CAR","CAR","NO","","","",""
"21030-30297","TE","Trey","Trey Burton","Burton","1.5","1","4500","NYG@PHI","PHI","NYG","","","",""
"21030-31321","RB","Jay","Jay Prosch","Prosch","0.4","5","4500","HOU@NE","HOU","NE","","","",""
"21030-29277","TE","Stephen","Stephen Anderson","Anderson","2.4000000953674316","1","4500","HOU@NE","HOU","NE","Q","Concussion","",""
"21030-30307","RB","Mack","Mack Brown","Brown","14.5","1","4500","OAK@WAS","WAS","OAK","","","",""
"21030-64104","RB","Terrell","Terrell Watson","Watson","0.10000000149011612","1","4500","PIT@CHI","PIT","CHI","","","",""
"21030-6767","K","Ryan","Ryan Succop","Succop","13.5","2","4500","SEA@TEN","TEN","SEA","","","",""
"21030-30326","RB","Keith","Keith Marshall","Marshall","0","0","4500","OAK@WAS","WAS","OAK","IR","Knee","",""
"21030-6778","TE","Anthony","Anthony Fasano","Fasano","2.4299999237060548","10","4500","MIA@NYJ","MIA","NYJ","","","",""
"21030-55940","WR","Chad","Chad Hansen","Hansen","0","0","4500","MIA@NYJ","NYJ","MIA","","","",""
"21030-27273","RB","Andy","Andy Janovich","Janovich","2.3142858232770647","7","4500","DEN@BUF","DEN","BUF","","","",""
"21030-33418","TE","Alan","Alan Cross","Cross","1.100000023841858","1","4500","TB@MIN","TB","MIN","","","",""
"21030-40586","WR","Fred","Fred Ross Jr.","Ross Jr.","0","0","4500","NO@CAR","CAR","NO","IR","Ankle","",""
"21030-28311","TE","MarQueis","MarQueis Gray","Gray","3.049999952316284","8","4500","MIA@NYJ","MIA","NYJ","","","",""
"21030-80546","WR","Dan","Dan Arnold","Arnold","0","0","4500","NO@CAR","NO","CAR","IR","Undisclosed","",""
"21030-47780","WR","Taywan","Taywan Taylor","Taylor","4.349999904632568","2","4500","SEA@TEN","TEN","SEA","","","",""
"21030-7856","WR","Matthew","Matthew Slater","Slater","-0.375","4","4500","HOU@NE","NE","HOU","Q","Hamstring","",""
"21030-25267","WR","Mack","Mack Hollins","Hollins","4.699999809265137","1","4500","NYG@PHI","PHI","NYG","","","",""
"21030-70335","TE","Seth","Seth DeValve","DeValve","6.650000095367432","2","4500","CLE@IND","CLE","IND","","","",""
"21030-39615","TE","Brandon","Brandon Williams","Williams","2.5","1","4500","CLE@IND","IND","CLE","Q","Calf","",""
"21030-22220","TE","Sean","Sean McGrath","McGrath","1.5","1","4500","KC@LAC","LAC","KC","","","",""
"21030-30412","WR","Tavarres","Tavarres King","King","2","3","4500","NYG@PHI","NYG","PHI","","","",""
"21030-16078","TE","Ross","Ross Travis","Travis","0","2","4500","KC@LAC","KC","LAC","","","",""
"21030-29390","TE","Evan","Evan Baylis","Baylis","0","0","4500","HOU@NE","HOU","NE","","","",""
"21030-40665","RB","Matthew","Matthew Dayes","Dayes","2.5999999046325684","1","4500","CLE@IND","CLE","IND","","","",""
"21030-70372","WR","Chester","Chester Rogers","Rogers","2.6285713740757535","14","4500","CLE@IND","IND","CLE","Q","Hamstring","",""
"21030-26343","WR","Corey","Corey Fuller","Fuller","0","0","4500","NO@CAR","NO","CAR","IR","Undisclosed","",""
"21030-41703","WR","R.J.","R.J. Shelton","Shelton","0","0","4500","TB@MIN","MIN","TB","IR","Foot","",""
"21030-44784","RB","Darius","Darius Jackson","Jackson","0","0","4500","CLE@IND","CLE","IND","IR","Knee","",""
"21030-26355","TE","Logan","Logan Thomas","Thomas","0","0","4500","DEN@BUF","BUF","DEN","","","",""
"21030-54007","TE","Jacob","Jacob Hollister","Hollister","1","1","4500","HOU@NE","NE","HOU","","","",""
"21030-54010","RB","Brian","Brian Hill","Hill","0","0","4500","ATL@DET","ATL","DET","","","",""
"21030-45821","WR","Isaiah","Isaiah Burse","Burse","0","8","4500","KC@LAC","LAC","KC","IR","Concussion","",""
"21030-26384","RB","Trey","Trey Edmunds","Edmunds","0","2","4500","NO@CAR","NO","CAR","","","",""
"21030-33552","WR","TJ","TJ Jones","Jones","4.199999809265137","1","4500","ATL@DET","DET","ATL","","","",""
"21030-27411","RB","Aaron","Aaron Ripkowski","Ripkowski","0.699999988079071","1","4500","CIN@GB","GB","CIN","","","",""
"21030-28437","RB","Danny","Danny Vitale","Vitale","0.9399999618530274","5","4500","CLE@IND","CLE","IND","","","",""
"21030-70422","WR","Kalif","Kalif Raymond","Raymond","-1","2","4500","MIA@NYJ","NYJ","MIA","","","",""
"21030-22308","RB","Joe","Joe Banyard","Banyard","0.699999988079071","1","4500","DEN@BUF","BUF","DEN","","","",""
"21030-31524","WR","Cody","Cody Core","Core","0","1","4500","CIN@GB","CIN","GB","","","",""
"21030-32556","WR","Deante'","Deante' Gray","Gray","0","0","4500","HOU@NE","HOU","NE","IR","Knee - acl","",""
"21030-22317","WR","Brenton","Brenton Bersin","Bersin","1.350000023841858","2","4500","NO@CAR","CAR","NO","","","",""
"21030-10030","WR","Harry","Harry Douglas","Douglas","4.071428571428571","7","4500","SEA@TEN","TEN","SEA","IR","Knee","",""
"21030-28463","WR","Austin","Austin Carr","Carr","0","0","4500","NO@CAR","NO","CAR","","","",""
"21030-27441","RB","Damien","Damien Williams","Williams","5.46000010172526","15","4500","MIA@NYJ","MIA","NYJ","Q","Ribs","",""
"21030-43826","WR","Tommylee","Tommylee Lewis","Lewis","4.150000095367432","2","4500","NO@CAR","NO","CAR","","","",""
"21030-40758","RB","Corey","Corey Clement","Clement","0","0","4500","NYG@PHI","PHI","NYG","","","",""
"21030-22336","WR","Josh","Josh Bellamy","Bellamy","5.650000095367432","2","4500","PIT@CHI","CHI","PIT","","","",""
"21030-38722","TE","Cethan","Cethan Carter","Carter","0","0","4500","CIN@GB","CIN","GB","","","",""
"21030-70467","WR","Andy","Andy Jones","Jones","0","0","4500","HOU@NE","HOU","NE","","","",""
"21030-28487","TE","Jeff","Jeff Heuerman","Heuerman","2.25","2","4500","DEN@BUF","DEN","BUF","Q","Shoulder","",""
"21030-38753","TE","Jake","Jake Butt","Butt","0","0","4500","DEN@BUF","DEN","BUF","O","Knee - acl","",""
"21030-70496","K","Aldrick","Aldrick Rosas","Rosas","3.5","2","4500","NYG@PHI","NYG","PHI","","","",""
"21030-29540","RB","Terron","Terron Ward","Ward","3.3400001525878906","5","4500","ATL@DET","ATL","DET","","","",""
"21030-70501","RB","C.J.","C.J. Ham","Ham","6.099999904632568","1","4500","TB@MIN","MIN","TB","","","",""
"21030-38790","WR","Jalin","Jalin Marshall","Marshall","3.1200000762939455","10","4500","MIA@NYJ","NYJ","MIA","O","Suspension","",""
"21030-39814","TE","Jordan","Jordan Leggett","Leggett","0","0","4500","MIA@NYJ","NYJ","MIA","Q","Knee","",""
"21030-39818","RB","Wayne","Wayne Gallman","Gallman","0","0","4500","NYG@PHI","NYG","PHI","","","",""
"21030-19342","TE","Demetrius","Demetrius Harris","Harris","8.5","1","4500","KC@LAC","KC","LAC","","","",""
"21030-29583","TE","Randall","Randall Telfer","Telfer","2.5","1","4500","CLE@IND","CLE","IND","","","",""
"21030-29592","TE","Xavier","Xavier Grimble","Grimble","3.6624999046325684","8","4500","PIT@CHI","PIT","CHI","","","",""
"21030-40857","RB","Peyton","Peyton Barber","Barber","4.699999809265137","1","4500","TB@MIN","TB","MIN","","","",""
"21030-28570","TE","Nick","Nick Vannett","Vannett","1.5","1","4500","SEA@TEN","SEA","TEN","","","",""
"21030-14240","TE","Lance","Lance Kendricks","Kendricks","2.799999952316284","1","4500","CIN@GB","GB","CIN","","","",""
"21030-33703","WR","Ryan","Ryan Grant","Grant","7.849999904632568","2","4500","OAK@WAS","WAS","OAK","","","",""
"21030-34729","RB","Dwayne","Dwayne Washington","Washington","1.5499999523162842","2","4500","ATL@DET","DET","ATL","Q","Quadriceps","",""
"21030-29624","RB","Tre","Tre Madden","Madden","0","0","4500","SEA@TEN","SEA","TEN","","","",""
"21030-43961","RB","Tyler","Tyler Ervin","Ervin","3.8499999046325684","2","4500","HOU@NE","HOU","NE","","","",""
"21030-30652","WR","Tanner","Tanner McEvoy","McEvoy","0","2","4500","SEA@TEN","SEA","TEN","","","",""
"21030-30654","TE","Jerell","Jerell Adams","Adams","4.300000190734863","1","4500","NYG@PHI","NYG","PHI","","","",""
"21030-32703","WR","Jakeem","Jakeem Grant","Grant","0","1","4500","MIA@NYJ","MIA","NYJ","","","",""
"21030-41922","WR","Johnny","Johnny Holton","Holton","1.1166666348775227","6","4500","OAK@WAS","OAK","WAS","","","",""
"21030-43970","RB","Shane","Shane Smith","Smith","0","0","4500","NYG@PHI","NYG","PHI","","","",""
"21030-30678","WR","Damiere","Damiere Byrd","Byrd","0","2","4500","NO@CAR","CAR","NO","","","",""
"21030-53212","K","Younghoe","Younghoe Koo","Koo","4.5","2","4500","KC@LAC","LAC","KC","","","",""
"21030-14304","TE","Luke","Luke Stocker","Stocker","0.8000000317891439","6","4500","TB@MIN","TB","MIN","","","",""
"21030-14319","RB","Taiwan","Taiwan Jones","Jones","0.7857142857142857","7","4500","DEN@BUF","BUF","DEN","","","",""
"21030-48116","TE","Jonnu","Jonnu Smith","Smith","5","2","4500","SEA@TEN","TEN","SEA","","","",""
"21030-30709","WR","Bruce","Bruce Ellington","Ellington","0","1","4500","HOU@NE","HOU","NE","","","",""
"21030-14327","RB","Anthony","Anthony Sherman","Sherman","0.5166666507720947","6","4500","KC@LAC","KC","LAC","","","",""
"21030-39930","WR","Reggie","Reggie Davis","Davis","0","0","4500","CLE@IND","CLE","IND","","","",""
"21030-12529","D","Cleveland","Cleveland Browns","Browns","5","2","4400","CLE@IND","CLE","IND","","","",""
"21030-12537","D","Oakland","Oakland Raiders","Raiders","5.5","2","4400","OAK@WAS","OAK","WAS","","","",""
"21030-12543","D","New York","New York Giants","Giants","4","2","4400","NYG@PHI","NYG","PHI","","","",""
"21030-12526","D","Buffalo","Buffalo Bills","Bills","9.5","2","4300","DEN@BUF","BUF","DEN","","","",""
"21030-12534","D","Tennessee","Tennessee Titans","Titans","5.5","2","4300","SEA@TEN","TEN","SEA","","","",""
"21030-12532","D","Detroit","Detroit Lions","Lions","16.5","2","4200","ATL@DET","DET","ATL","","","",""
"21030-12548","D","Los Angeles","Los Angeles Chargers","Chargers","5.5","2","4200","KC@LAC","LAC","KC","","","",""
"21030-12552","D","Washington","Washington Redskins","Redskins","9.5","2","4200","OAK@WAS","WAS","OAK","","","",""
"21030-12527","D","Chicago","Chicago Bears","Bears","3","2","4100","PIT@CHI","CHI","PIT","","","",""
"21030-12528","D","Cincinnati","Cincinnati Bengals","Bengals","5.5","2","4100","CIN@GB","CIN","GB","","","",""
"21030-12542","D","New Orleans","New Orleans Saints","Saints","-1","2","4100","NO@CAR","NO","CAR","","","",""
"21030-12544","D","New York","New York Jets","Jets","0","2","4000","MIA@NYJ","NYJ","MIA","","","",""
"21030-12556","D","Houston","Houston Texans","Texans","4.5","2","4000","HOU@NE","HOU","NE","","","",""